N;Контейнер;ISO тип;Размер;Высотность;Вес брутто;Вес нетто;Вес тары;Трафарет;Порожний;Пломбы;№ коносамента;Порожний как груз;Дата коносамента;Наименование груза;Грузоотправитель;Кол-во мест;Дата ДУ;№ ДУ;Тех.состояние;МОПОГ;Дата прибытия;Транспорт прибытия;Судно прибытия;Флаг судна;Рейс прибытия;Станция/порт отправления;Страна отправления;Текущий экспедитор;Морской перевозчик;Номинированый экспедитор;Таможенный режим;№ ГТД;Дата убытия;Транспорт убытия;№ транспорта убытия;№ накладной/коносамента;№ ГУ12;Станция/порт назначения;Страна назначения;Конечная станция маршрута;Страна кон.станции маршрута;Внутрипортовые операции;Релиз;Дата получения релиза;Дата сдачи на погрузку;Дата выпуска таможней;Охрана;Грузополучатель;Номер поезда;Экспедиторская отправка
1;TKRU3055043;22G1;DC 20;DC;29916.000;27756.000;2160.000;30480.000;;КЛЕЩ-60СЦ5РЖДН8118164;ЭЦ755855;;06.08.2026;ЭЛЕКТРОДЫ ГРАФИТИРОВАННЫЕ И УГОЛЬНЫЕ, НЕ ПОИМЕНОВАННЫЕ В АЛФАВИТЕ;Общество с ограниченной ответственностью "Терминал Врангель";18;12.08.2026;92131500;;;07.08.2026 16:23;91984310;;;;;;РУСАЛТРАНС ООО;;;ГТД;TKRU3055043;19.08.2026 11:59;Ж/Д;94290756;ЭШ082966;0047737585;КАМЫШТА (887603);Россия;;;Перемещение контейнера при креплении груза/стали/установке щита Заявка от 12.08.2026 Крепление груза в контейнере согласно действующей схемы крепления Заявка от 12.08.2026 Выполнено 12.08.2026 15:30;Перемещение контейнера при креплении груза/стали/установке щита Заявка от 12.08.2026;Крепление груза в контейнере согласно действующей схемы крепления Заявка от 12.08.2026 Выполнено 12.08.2026 15:30;;;17.08.2026 13:53;17.08.2026 13:53;;Акционерное общество "РУСАЛ Саяногорский Алюминиевый Завод";;экспедиторская
2;TKRU3359323;22G1;DC 20;DC;29796.000;27716.000;2080.000;30480.000;;КЛЕЩ-60СЦ5РЖДН8118186;;;;;;;31.07.2026;92053607;;;08.08.2026 10:04;Склад;;;;;;РУСАЛТРАНС ООО;;РУСАЛТРАНС ООО;ГТД;10620010/030826/5138747;20.08.2026 13:19;Ж/Д;90965245;ЭЧ788497;0047697015;ПИХТОВАЯ (895506);Россия;;;Крепление груза в контейнере согласно действующей схемы крепления Заявка от 09.08.2026 Выполнено 09.08.2026 10:04;Крепление груза в контейнере согласно действующей схемы крепления Заявка от 09.08.2026 Выполнено 09.08.2026 10:04;1181406;08.08.2026 10:05;10.08.2026 11:03;08.08.2026 10:06;;Акционерное общество "Богучанский Алюминиевый Завод";;экспедиторская
3;TKRU3294454;22G1;DC 20;DC;29796.000;27716.000;2080.000;30480.000;;КЛЕЩ-60СЦ5РЖДН5795321;STQNVS78761;;09.07.2026;АНОДНЫЕ БЛОКИ;GOLDTEX CONSULTANTS LIMITED 2305,UNIVERSAL TRADE CENTRE,3 ARBUTHNOTROAD,CENTRAL,HONG KONG.;;15.07.2026;2026/Q2511N/Q2512S/STQNVS78761;;;15.07.2026 15:02;Q2511N/Q2512S ДЖИ КСИНГ 89;JI XING 89;Республика Гвинея-Бисау;Q2511N;РИЖАО(CNRZH);CHN;СМАРТ ООО;СМАРТ ООО;РУСАЛТРАНС ООО;ГТД;10720020/170726/5002517 10720020/170726/5002517;03.08.2026 01:47;Ж/Д;98680168;ЭЦ756000;0047595491;ПИХТОВАЯ (895506);Россия;;;Перемещение контейнера при креплении груза/стали/установке щита Заявка от 21.07.2026 Крепление груза в контейнере согласно действующей схемы крепления Заявка от 17.07.2026 Выполнено 22.07.2026 10:04;Перемещение контейнера при креплении груза/стали/установке щита Заявка от 21.07.2026;Крепление груза в контейнере согласно действующей схемы крепления Заявка от 17.07.2026 Выполнено 22.07.2026 10:04;RLS54530;15.07.2026 17:44;22.07.2026 10:33;17.07.2026 12:41;;Акционерное общество "Богучанский Алюминиевый Завод";;экспедиторская
4;TKRU3170638;22G1;DC 20;DC;29836.000;27756.000;2080.000;30480.000;;КЛЕЩ-60СЦ5РЖДН5789199;STQNVS78762;;09.07.2026;АНОДНЫЕ БЛОКИ;GOLDTEX CONSULTANTS LIMITED 2305,UNIVERSAL TRADE CENTRE,3 ARBUTHNOTROAD,CENTRAL,HONG KONG.;;15.07.2026;2026/Q2511N/Q2512S/STQNVS78762;;;15.07.2026 15:04;Q2511N/Q2512S ДЖИ КСИНГ 89;JI XING 89;Республика Гвинея-Бисау;Q2511N;РИЖАО(CNRZH);CHN;СМАРТ ООО;СМАРТ ООО;РУСАЛТРАНС ООО;ГТД;10620010/140726/5123028 10620010/140726/5123028;03.08.2026 01:47;Ж/Д;98156375;ЭЦ755870;0047595440;КАМЫШТА (887603);Россия;;;Перемещение контейнера при креплении груза/стали/установке щита Заявка от 19.07.2026 Крепление груза в контейнере согласно действующей схемы крепления Заявка от 17.07.2026 Выполнено 23.07.2026 11:42;Перемещение контейнера при креплении груза/стали/установке щита Заявка от 19.07.2026;Крепление груза в контейнере согласно действующей схемы крепления Заявка от 17.07.2026 Выполнено 23.07.2026 11:42;RLS54556;15.07.2026 17:49;22.07.2026 10:33;16.07.2026 19:01;;Акционерное общество "РУСАЛ Саяногорский Алюминиевый Завод";;экспедиторская
5;TKRU3172374;22G1;DC 20;DC;29836.000;27756.000;2080.000;30480.000;;КЛЕЩ-60СЦ5РЖДН8118845;STQNVS78760;;09.07.2026;АНОДНЫЕ БЛОКИ;GOLDTEX CONSULTANTS LIMITED 2305,UNIVERSAL TRADE CENTRE,3 ARBUTHNOTROAD,CENTRAL,HONG KONG.;;15.07.2026;2026/Q2511N/Q2512S/STQNVS78760;D18 RM;D18;RM;;15.07.2026 15:31;Q2511N/Q2512S ДЖИ КСИНГ 89;JI XING 89;Республика Гвинея-Бисау;Q2511N;РИЖАО(CNRZH);CHN;СМАРТ ООО;СМАРТ ООО;РУСАЛТРАНС ООО;ГТД;10620010/140726/5123057 10620010/140726/5123057;03.08.2026 01:47;Ж/Д;98156375;ЭЦ757283;0047584604;КАМЫШТА (887603);Россия;;;Перемещение контейнера при креплении груза/стали/установке щита Заявка от 19.07.2026 Крепление груза в контейнере согласно действующей схемы крепления Заявка от 16.07.2026 Выполнено 20.07.2026 19:12;Перемещение контейнера при креплении груза/стали/установке щита Заявка от 19.07.2026;Крепление груза в контейнере согласно действующей схемы крепления Заявка от 16.07.2026 Выполнено 20.07.2026 19:12;RLS54489;15.07.2026 17:38;22.07.2026 10:33;16.07.2026 11:38;;Акционерное общество "РУСАЛ Саяногорский Алюминиевый Завод";;экспедиторская
6;TKRU3250461;22G1;DC 20;DC;29796.000;27716.000;2080.000;30480.000;;КЛЕЩ-60СЦ РЖДН5789197;STQNVS78761;;09.07.2026;АНОДНЫЕ БЛОКИ;GOLDTEX CONSULTANTS LIMITED 2305,UNIVERSAL TRADE CENTRE,3 ARBUTHNOTROAD,CENTRAL,HONG KONG.;;15.07.2026;2026/Q2511N/Q2512S/STQNVS78761;;;15.07.2026 15:54;Q2511N/Q2512S ДЖИ КСИНГ 89;JI XING 89;Республика Гвинея-Бисау;Q2511N;РИЖАО(CNRZH);CHN;СМАРТ ООО;СМАРТ ООО;РУСАЛТРАНС ООО;ГТД;10720020/170726/5002517 10720020/170726/5002517;03.08.2026 01:47;Ж/Д;94953148;ЭЦ756318;0047595491;ПИХТОВАЯ (895506);Россия;;;Перемещение контейнера при креплении груза/стали/установке щита Заявка от 19.07.2026 Крепление груза в контейнере согласно действующей схемы крепления Заявка от 17.07.2026 Выполнено 22.07.2026 10:04;Перемещение контейнера при креплении груза/стали/установке щита Заявка от 19.07.2026;Крепление груза в контейнере согласно действующей схемы крепления Заявка от 17.07.2026 Выполнено 22.07.2026 10:04;RLS54526;15.07.2026 17:44;22.07.2026 10:33;17.07.2026 12:41;;Акционерное общество "Богучанский Алюминиевый Завод";;экспедиторская
7;TKRU3409110;22G1;DC 20;DC;29796.000;27716.000;2080.000;30480.000;;КЛЕЩ-60СЦ5РЖДН5789196;STQNVS78761;;09.07.2026;АНОДНЫЕ БЛОКИ;GOLDTEX CONSULTANTS LIMITED 2305,UNIVERSAL TRADE CENTRE,3 ARBUTHNOTROAD,CENTRAL,HONG KONG.;;15.07.2026;2026/Q2511N/Q2512S/STQNVS78761;;;15.07.2026 16:00;Q2511N/Q2512S ДЖИ КСИНГ 89;JI XING 89;Республика Гвинея-Бисау;Q2511N;РИЖАО(CNRZH);CHN;СМАРТ ООО;СМАРТ ООО;РУСАЛТРАНС ООО;ГТД;10720020/170726/5002517 10720020/170726/5002517;03.08.2026 01:47;Ж/Д;91723932;ЭЦ755976;0047595491;ПИХТОВАЯ (895506);Россия;;;Перемещение контейнера при креплении груза/стали/установке щита Заявка от 19.07.2026 Крепление груза в контейнере согласно действующей схемы крепления Заявка от 17.07.2026 Выполнено 22.07.2026 10:04;Перемещение контейнера при креплении груза/стали/установке щита Заявка от 19.07.2026;Крепление груза в контейнере согласно действующей схемы крепления Заявка от 17.07.2026 Выполнено 22.07.2026 10:04;RLS54534;15.07.2026 17:44;22.07.2026 10:33;17.07.2026 12:41;;Акционерное общество "Богучанский Алюминиевый Завод";;экспедиторская
8;TKRU3497195;22G1;DC 20;DC;29896.000;27716.000;2180.000;32500.000;;КЛЕЩ-60СЦ5РЖДН5789156;STQNVS78761;;09.07.2026;АНОДНЫЕ БЛОКИ;GOLDTEX CONSULTANTS LIMITED 2305,UNIVERSAL TRADE CENTRE,3 ARBUTHNOTROAD,CENTRAL,HONG KONG.;;15.07.2026;2026/Q2511N/Q2512S/STQNVS78761;;;15.07.2026 16:03;Q2511N/Q2512S ДЖИ КСИНГ 89;JI XING 89;Республика Гвинея-Бисау;Q2511N;РИЖАО(CNRZH);CHN;СМАРТ ООО;СМАРТ ООО;РУСАЛТРАНС ООО;ГТД;10720020/170726/5002517 10720020/170726/5002517;04.08.2026 23:55;Ж/Д;94259884;ЭЦ815473;0047598703;ПИХТОВАЯ (895506);Россия;;;Крепление груза в контейнере согласно действующей схемы крепления Заявка от 17.07.2026 Выполнено 22.07.2026 10:04;Крепление груза в контейнере согласно действующей схемы крепления Заявка от 17.07.2026 Выполнено 22.07.2026 10:04;RLS54539;15.07.2026 17:45;23.07.2026 09:01;17.07.2026 12:41;;Акционерное общество "Богучанский Алюминиевый Завод";;экспедиторская
9;TKRU3125346;22G1;DC 20;DC;27779.500;25699.500;2080.000;30480.000;;AST923172;STQNVS80790;;09.07.2026;ПОДСТАВКА;NANJING MINSIYI SUPPLY CHAINMANAGEMENT CO.,LID 20TH,BUILDING A,BEIWEI INTERNATIONAL,NO.1CHUANGZHI ROAD,XINCHENG SCIENCEPARK JIAN;;15.07.2026;2026/Q2511N/Q2512S/STQNVS80790;;;15.07.2026 16:09;Q2511N/Q2512S ДЖИ КСИНГ 89;JI XING 89;Республика Гвинея-Бисау;Q2511N;РИЖАО(CNRZH);CHN;СМАРТ ООО;СМАРТ ООО;РУСАЛТРАНС ООО;ГТД;10620010/150726/5125109 10620010/150726/5125109;03.08.2026 01:47;Ж/Д;94221181;ЭЦ551041;0047578572;ОРЛОВКА (610506);Россия;;;Инспекционно-досмотровый комплекс Заявка от 13.07.2026 Выполнено 16.07.2026 14:33 Осмотр / Досмотр Заявка от 16.07.2026 Выполнено 17.07.2026 15:36;Инспекционно-досмотровый комплекс Заявка от 13.07.2026 Выполнено 16.07.2026 14:33;Осмотр / Досмотр Заявка от 16.07.2026 Выполнено 17.07.2026 15:36;RLS54871;17.07.2026 17:16;18.07.2026 14:55;16.07.2026 11:58;;Филиал АО "РУСАЛ Урал" в Волгограде "Объединенная компания РУСАЛ Волгоградский алюминиевый завод";;экспедиторская
10;TKRU3289247;22G1;DC 20;DC;29836.000;27756.000;2080.000;30480.000;;КЛЕЩ-60СЦ5РЖДН5789176;STQNVS78762;;09.07.2026;АНОДНЫЕ БЛОКИ;GOLDTEX CONSULTANTS LIMITED 2305,UNIVERSAL TRADE CENTRE,3 ARBUTHNOTROAD,CENTRAL,HONG KONG.;;15.07.2026;2026/Q2511N/Q2512S/STQNVS78762;;;15.07.2026 16:17;Q2511N/Q2512S ДЖИ КСИНГ 89;JI XING 89;Республика Гвинея-Бисау;Q2511N;РИЖАО(CNRZH);CHN;СМАРТ ООО;СМАРТ ООО;РУСАЛТРАНС ООО;ГТД;10620010/140726/5123028 10620010/140726/5123028;03.08.2026 01:47;Ж/Д;98674955;ЭЦ755896;0047595440;КАМЫШТА (887603);Россия;;;Перемещение контейнера при креплении груза/стали/установке щита Заявка от 19.07.2026 Крепление груза в контейнере согласно действующей схемы крепления Заявка от 17.07.2026 Выполнено 23.07.2026 11:42;Перемещение контейнера при креплении груза/стали/установке щита Заявка от 19.07.2026;Крепление груза в контейнере согласно действующей схемы крепления Заявка от 17.07.2026 Выполнено 23.07.2026 11:42;RLS54570;15.07.2026 17:50;22.07.2026 10:33;16.07.2026 19:01;;Акционерное общество "РУСАЛ Саяногорский Алюминиевый Завод";;экспедиторская
11;TKRU3246369;22G1;DC 20;DC;29796.000;27716.000;2080.000;30480.000;;КЛЕЩ-60СЦ5РЖДН8118844;STQNVS78761;;09.07.2026;АНОДНЫЕ БЛОКИ;GOLDTEX CONSULTANTS LIMITED 2305,UNIVERSAL TRADE CENTRE,3 ARBUTHNOTROAD,CENTRAL,HONG KONG.;;15.07.2026;2026/Q2511N/Q2512S/STQNVS78761;;;15.07.2026 16:19;Q2511N/Q2512S ДЖИ КСИНГ 89;JI XING 89;Республика Гвинея-Бисау;Q2511N;РИЖАО(CNRZH);CHN;СМАРТ ООО;СМАРТ ООО;РУСАЛТРАНС ООО;ГТД;10720020/170726/5002517 10720020/170726/5002517;03.08.2026 01:47;Ж/Д;98132418;ЭЦ757366;0047595491;ПИХТОВАЯ (895506);Россия;;;Перемещение контейнера при креплении груза/стали/установке щита Заявка от 19.07.2026 Крепление груза в контейнере согласно действующей схемы крепления Заявка от 17.07.2026 Выполнено 22.07.2026 10:04;Перемещение контейнера при креплении груза/стали/установке щита Заявка от 19.07.2026;Крепление груза в контейнере согласно действующей схемы крепления Заявка от 17.07.2026 Выполнено 22.07.2026 10:04;RLS54524;15.07.2026 17:43;22.07.2026 10:33;17.07.2026 12:41;;Акционерное общество "Богучанский Алюминиевый Завод";;экспедиторская
12;TKRU3560889;22G1;DC 20;DC;29846.000;27716.000;2130.000;32500.000;;КЛЕЩ-60СЦ5РЖДН8118842;STQNVS78761;;09.07.2026;АНОДНЫЕ БЛОКИ;GOLDTEX CONSULTANTS LIMITED 2305,UNIVERSAL TRADE CENTRE,3 ARBUTHNOTROAD,CENTRAL,HONG KONG.;;15.07.2026;2026/Q2511N/Q2512S/STQNVS78761;;;15.07.2026 16:23;Q2511N/Q2512S ДЖИ КСИНГ 89;JI XING 89;Республика Гвинея-Бисау;Q2511N;РИЖАО(CNRZH);CHN;СМАРТ ООО;СМАРТ ООО;РУСАЛТРАНС ООО;ГТД;10720020/170726/5002517 10720020/170726/5002517;04.08.2026 00:20;Ж/Д;98140601;ЭЦ757341;0047595491;ПИХТОВАЯ (895506);Россия;;;Перемещение контейнера при креплении груза/стали/установке щита Заявка от 19.07.2026 Крепление груза в контейнере согласно действующей схемы крепления Заявка от 17.07.2026 Выполнено 22.07.2026 10:04;Перемещение контейнера при креплении груза/стали/установке щита Заявка от 19.07.2026;Крепление груза в контейнере согласно действующей схемы крепления Заявка от 17.07.2026 Выполнено 22.07.2026 10:04;RLS54543;15.07.2026 17:46;22.07.2026 10:33;17.07.2026 12:41;;Акционерное общество "Богучанский Алюминиевый Завод";;экспедиторская
13;TKRU3310468;22G1;DC 20;DC;29796.000;27716.000;2080.000;30480.000;;КЛЕЩ-60СЦ5РЖДН5789166;STQNVS78761;;09.07.2026;АНОДНЫЕ БЛОКИ;GOLDTEX CONSULTANTS LIMITED 2305,UNIVERSAL TRADE CENTRE,3 ARBUTHNOTROAD,CENTRAL,HONG KONG.;;15.07.2026;2026/Q2511N/Q2512S/STQNVS78761;;;15.07.2026 20:33;Q2511N/Q2512S ДЖИ КСИНГ 89;JI XING 89;Республика Гвинея-Бисау;Q2511N;РИЖАО(CNRZH);CHN;СМАРТ ООО;СМАРТ ООО;РУСАЛТРАНС ООО;ГТД;10720020/170726/5002517 10720020/170726/5002517;05.08.2026 12:48;Ж/Д;98096233;ЭЦ815444;0047598703;ПИХТОВАЯ (895506);Россия;;;Перемещение контейнера при креплении груза/стали/установке щита Заявка от 22.07.2026 Крепление груза в контейнере согласно действующей схемы крепления Заявка от 17.07.2026 Выполнено 22.07.2026 10:04;Перемещение контейнера при креплении груза/стали/установке щита Заявка от 22.07.2026;Крепление груза в контейнере согласно действующей схемы крепления Заявка от 17.07.2026 Выполнено 22.07.2026 10:04;RLS54531;15.07.2026 17:44;23.07.2026 09:01;17.07.2026 12:41;;Акционерное общество "Богучанский Алюминиевый Завод";;экспедиторская
14;TKRU3186629;22G1;DC 20;DC;29796.000;27716.000;2080.000;30480.000;;КЛЕЩ-60СЦ 5РЖД H5789054;STQNVS78761;;09.07.2026;АНОДНЫЕ БЛОКИ;GOLDTEX CONSULTANTS LIMITED 2305,UNIVERSAL TRADE CENTRE,3 ARBUTHNOTROAD,CENTRAL,HONG KONG.;;15.07.2026;2026/Q2511N/Q2512S/STQNVS78761;;;15.07.2026 20:41;Q2511N/Q2512S ДЖИ КСИНГ 89;JI XING 89;Республика Гвинея-Бисау;Q2511N;РИЖАО(CNRZH);CHN;СМАРТ ООО;СМАРТ ООО;РУСАЛТРАНС ООО;ГТД;10720020/170726/5002517 10720020/170726/5002517;03.08.2026 01:47;Ж/Д;94555893;ЭЦ755879;0047595491;ПИХТОВАЯ (895506);Россия;;;Перемещение контейнера при креплении груза/стали/установке щита Заявка от 21.07.2026 Крепление груза в контейнере согласно действующей схемы крепления Заявка от 17.07.2026 Выполнено 22.07.2026 10:04;Перемещение контейнера при креплении груза/стали/установке щита Заявка от 21.07.2026;Крепление груза в контейнере согласно действующей схемы крепления Заявка от 17.07.2026 Выполнено 22.07.2026 10:04;RLS54521;15.07.2026 17:42;22.07.2026 10:33;17.07.2026 12:41;;Акционерное общество "Богучанский Алюминиевый Завод";;экспедиторская
15;TKRU3561355;22G1;DC 20;DC;29846.000;27716.000;2130.000;32500.000;;КЛЕЩ-60СЦ 5РЖД H5789067;STQNVS78761;;09.07.2026;АНОДНЫЕ БЛОКИ;GOLDTEX CONSULTANTS LIMITED 2305,UNIVERSAL TRADE CENTRE,3 ARBUTHNOTROAD,CENTRAL,HONG KONG.;;15.07.2026;2026/Q2511N/Q2512S/STQNVS78761;;;15.07.2026 20:46;Q2511N/Q2512S ДЖИ КСИНГ 89;JI XING 89;Республика Гвинея-Бисау;Q2511N;РИЖАО(CNRZH);CHN;СМАРТ ООО;СМАРТ ООО;РУСАЛТРАНС ООО;ГТД;10720020/170726/5002517 10720020/170726/5002517;03.08.2026 01:47;Ж/Д;98680168;ЭЦ755970;0047595491;ПИХТОВАЯ (895506);Россия;;;Перемещение контейнера при креплении груза/стали/установке щита Заявка от 21.07.2026 Крепление груза в контейнере согласно действующей схемы крепления Заявка от 17.07.2026 Выполнено 22.07.2026 10:04;Перемещение контейнера при креплении груза/стали/установке щита Заявка от 21.07.2026;Крепление груза в контейнере согласно действующей схемы крепления Заявка от 17.07.2026 Выполнено 22.07.2026 10:04;RLS54544;15.07.2026 17:46;22.07.2026 10:33;17.07.2026 12:41;;Акционерное общество "Богучанский Алюминиевый Завод";;экспедиторская
16;TKRU3494719;22G1;DC 20;DC;29896.000;27716.000;2180.000;32500.000;;КЛЕЩ-60СЦ5РЖДН5789188;STQNVS78761;;09.07.2026;АНОДНЫЕ БЛОКИ;GOLDTEX CONSULTANTS LIMITED 2305,UNIVERSAL TRADE CENTRE,3 ARBUTHNOTROAD,CENTRAL,HONG KONG.;;15.07.2026;2026/Q2511N/Q2512S/STQNVS78761;;;15.07.2026 21:03;Q2511N/Q2512S ДЖИ КСИНГ 89;JI XING 89;Республика Гвинея-Бисау;Q2511N;РИЖАО(CNRZH);CHN;СМАРТ ООО;СМАРТ ООО;РУСАЛТРАНС ООО;ГТД;10720020/170726/5002517 10720020/170726/5002517;05.08.2026 12:48;Ж/Д;98096233;ЭЦ815460;0047598703;ПИХТОВАЯ (895506);Россия;;;Перемещение контейнера при креплении груза/стали/установке щита Заявка от 22.07.2026 Крепление груза в контейнере согласно действующей схемы крепления Заявка от 17.07.2026 Выполнено 22.07.2026 10:04;Перемещение контейнера при креплении груза/стали/установке щита Заявка от 22.07.2026;Крепление груза в контейнере согласно действующей схемы крепления Заявка от 17.07.2026 Выполнено 22.07.2026 10:04;RLS54537;15.07.2026 17:45;23.07.2026 09:01;17.07.2026 12:41;;Акционерное общество "Богучанский Алюминиевый Завод";;экспедиторская
17;TKRU3179872;22G1;DC 20;DC;29836.000;27756.000;2080.000;30480.000;;КЛЕЩ-60СЦ5РЖДН8117772;;;;;;;17.08.2026;92230141;;;15.08.2026 13:53;Склад;;;;;;РУСАЛТРАНС ООО;;РУСАЛТРАНС ООО;ГТД;15826;19.08.2026 11:59;Ж/Д;94290756;ЭШ186564;0047737585;КАМЫШТА (887603);Россия;;;Крепление груза в контейнере согласно действующей схемы крепления Заявка от 17.08.2026 Выполнено 17.08.2026 09:35;Крепление груза в контейнере согласно действующей схемы крепления Заявка от 17.08.2026 Выполнено 17.08.2026 09:35;TKRU3179872;17.08.2026 17:36;17.08.2026 19:01;17.08.2026 17:36;;Акционерное общество "РУСАЛ Саяногорский Алюминиевый Завод";;экспедиторская
18;TKRU3005187;22G1;DC 20;DC;29976.000;27756.000;2220.000;30480.000;;КЛЕЩ-60СЦ5РЖДН5795301;STQNVS78760;;09.07.2026;АНОДНЫЕ БЛОКИ;GOLDTEX CONSULTANTS LIMITED 2305,UNIVERSAL TRADE CENTRE,3 ARBUTHNOTROAD,CENTRAL,HONG KONG.;;16.07.2026;2026/Q2511N/Q2512S/STQNVS78760;;;16.07.2026 06:25;Q2511N/Q2512S ДЖИ КСИНГ 89;JI XING 89;Республика Гвинея-Бисау;Q2511N;РИЖАО(CNRZH);CHN;СМАРТ ООО;СМАРТ ООО;РУСАЛТРАНС ООО;ГТД;10620010/140726/5123057 10620010/140726/5123057;01.08.2026 00:07;Ж/Д;98150865;ЭЦ756965;0047584604;КАМЫШТА (887603);Россия;;;Перемещение контейнера при креплении груза/стали/установке щита Заявка от 20.07.2026 Крепление груза в контейнере согласно действующей схемы крепления Заявка от 16.07.2026 Выполнено 20.07.2026 19:12;Перемещение контейнера при креплении груза/стали/установке щита Заявка от 20.07.2026;Крепление груза в контейнере согласно действующей схемы крепления Заявка от 16.07.2026 Выполнено 20.07.2026 19:12;RLS54478;15.07.2026 17:35;22.07.2026 10:33;16.07.2026 11:38;;Акционерное общество "РУСАЛ Саяногорский Алюминиевый Завод";;экспедиторская
19;TKRU3443537;22G1;DC 20;DC;30056.000;27756.000;2300.000;30480.000;;КЛЕЩ-60СЦ5РЖДН8118839;STQNVS78762;;09.07.2026;АНОДНЫЕ БЛОКИ;GOLDTEX CONSULTANTS LIMITED 2305,UNIVERSAL TRADE CENTRE,3 ARBUTHNOTROAD,CENTRAL,HONG KONG.;;16.07.2026;2026/Q2511N/Q2512S/STQNVS78762;;;16.07.2026 06:29;Q2511N/Q2512S ДЖИ КСИНГ 89;JI XING 89;Республика Гвинея-Бисау;Q2511N;РИЖАО(CNRZH);CHN;СМАРТ ООО;СМАРТ ООО;РУСАЛТРАНС ООО;ГТД;10620010/140726/5123028 10620010/140726/5123028;01.08.2026 00:07;Ж/Д;99205841;ЭЦ606677;0047584604;КАМЫШТА (887603);Россия;;;Перемещение контейнера при креплении груза/стали/установке щита Заявка от 19.07.2026 Крепление груза в контейнере согласно действующей схемы крепления Заявка от 17.07.2026 Выполнено 23.07.2026 11:42;Перемещение контейнера при креплении груза/стали/установке щита Заявка от 19.07.2026;Крепление груза в контейнере согласно действующей схемы крепления Заявка от 17.07.2026 Выполнено 23.07.2026 11:42;RLS54578;15.07.2026 17:51;19.07.2026 18:32;16.07.2026 19:01;;Акционерное общество "РУСАЛ Саяногорский Алюминиевый Завод";;экспедиторская
20;TKRU3414478;22G1;DC 20;DC;29836.000;27756.000;2080.000;30480.000;;КЛЕЩ-60СЦ5РЖДН5789193;STQNVS78762;;09.07.2026;АНОДНЫЕ БЛОКИ;GOLDTEX CONSULTANTS LIMITED 2305,UNIVERSAL TRADE CENTRE,3 ARBUTHNOTROAD,CENTRAL,HONG KONG.;;16.07.2026;2026/Q2511N/Q2512S/STQNVS78762;;;16.07.2026 06:34;Q2511N/Q2512S ДЖИ КСИНГ 89;JI XING 89;Республика Гвинея-Бисау;Q2511N;РИЖАО(CNRZH);CHN;СМАРТ ООО;СМАРТ ООО;РУСАЛТРАНС ООО;ГТД;10620010/140726/5123028 10620010/140726/5123028;03.08.2026 01:47;Ж/Д;98142508;ЭЦ756017;0047595440;КАМЫШТА (887603);Россия;;;Перемещение контейнера при креплении груза/стали/установке щита Заявка от 19.07.2026 Крепление груза в контейнере согласно действующей схемы крепления Заявка от 17.07.2026 Выполнено 23.07.2026 11:42;Перемещение контейнера при креплении груза/стали/установке щита Заявка от 19.07.2026;Крепление груза в контейнере согласно действующей схемы крепления Заявка от 17.07.2026 Выполнено 23.07.2026 11:42;RLS54575;15.07.2026 17:51;22.07.2026 10:33;16.07.2026 19:01;;Акционерное общество "РУСАЛ Саяногорский Алюминиевый Завод";;экспедиторская
21;TKRU3496706;22G1;DC 20;DC;29896.000;27716.000;2180.000;32500.000;;КЛЕЩ-60СЦ5РЖДН5789192;STQNVS78761;;09.07.2026;АНОДНЫЕ БЛОКИ;GOLDTEX CONSULTANTS LIMITED 2305,UNIVERSAL TRADE CENTRE,3 ARBUTHNOTROAD,CENTRAL,HONG KONG.;;16.07.2026;2026/Q2511N/Q2512S/STQNVS78761;;;16.07.2026 06:37;Q2511N/Q2512S ДЖИ КСИНГ 89;JI XING 89;Республика Гвинея-Бисау;Q2511N;РИЖАО(CNRZH);CHN;СМАРТ ООО;СМАРТ ООО;РУСАЛТРАНС ООО;ГТД;10720020/170726/5002517 10720020/170726/5002517;03.08.2026 01:47;Ж/Д;91980151;ЭЦ756034;0047595491;ПИХТОВАЯ (895506);Россия;;;Перемещение контейнера при креплении груза/стали/установке щита Заявка от 20.07.2026 Крепление груза в контейнере согласно действующей схемы крепления Заявка от 17.07.2026 Выполнено 22.07.2026 10:04;Перемещение контейнера при креплении груза/стали/установке щита Заявка от 20.07.2026;Крепление груза в контейнере согласно действующей схемы крепления Заявка от 17.07.2026 Выполнено 22.07.2026 10:04;RLS54538;15.07.2026 17:45;22.07.2026 10:33;17.07.2026 12:41;;Акционерное общество "Богучанский Алюминиевый Завод";;экспедиторская
22;TKRU3539449;22G1;DC 20;DC;29896.000;27716.000;2180.000;32500.000;;КЛЕЩ-60СЦ5РЖДН5789187;STQNVS78761;;09.07.2026;АНОДНЫЕ БЛОКИ;GOLDTEX CONSULTANTS LIMITED 2305,UNIVERSAL TRADE CENTRE,3 ARBUTHNOTROAD,CENTRAL,HONG KONG.;;16.07.2026;2026/Q2511N/Q2512S/STQNVS78761;;;16.07.2026 06:40;Q2511N/Q2512S ДЖИ КСИНГ 89;JI XING 89;Республика Гвинея-Бисау;Q2511N;РИЖАО(CNRZH);CHN;СМАРТ ООО;СМАРТ ООО;РУСАЛТРАНС ООО;ГТД;10720020/170726/5002517 10720020/170726/5002517;03.08.2026 01:47;Ж/Д;94555893;ЭЦ756049;0047595491;ПИХТОВАЯ (895506);Россия;;;Перемещение контейнера при креплении груза/стали/установке щита Заявка от 19.07.2026 Крепление груза в контейнере согласно действующей схемы крепления Заявка от 17.07.2026 Выполнено 22.07.2026 10:04;Перемещение контейнера при креплении груза/стали/установке щита Заявка от 19.07.2026;Крепление груза в контейнере согласно действующей схемы крепления Заявка от 17.07.2026 Выполнено 22.07.2026 10:04;RLS54542;15.07.2026 17:46;22.07.2026 10:33;17.07.2026 12:41;;Акционерное общество "Богучанский Алюминиевый Завод";;экспедиторская
23;TKRU3414190;22G1;DC 20;DC;29796.000;27716.000;2080.000;30480.000;;КЛЕЩ-60СЦ5РЖДН5789163;STQNVS78761;;09.07.2026;АНОДНЫЕ БЛОКИ;GOLDTEX CONSULTANTS LIMITED 2305,UNIVERSAL TRADE CENTRE,3 ARBUTHNOTROAD,CENTRAL,HONG KONG.;;16.07.2026;2026/Q2511N/Q2512S/STQNVS78761;;;16.07.2026 06:44;Q2511N/Q2512S ДЖИ КСИНГ 89;JI XING 89;Республика Гвинея-Бисау;Q2511N;РИЖАО(CNRZH);CHN;СМАРТ ООО;СМАРТ ООО;РУСАЛТРАНС ООО;ГТД;10720020/170726/5002517 10720020/170726/5002517;04.08.2026 23:55;Ж/Д;94259884;ЭЦ815453;0047598703;ПИХТОВАЯ (895506);Россия;;;Перемещение контейнера при креплении груза/стали/установке щита Заявка от 22.07.2026 Крепление груза в контейнере согласно действующей схемы крепления Заявка от 17.07.2026 Выполнено 22.07.2026 10:04;Перемещение контейнера при креплении груза/стали/установке щита Заявка от 22.07.2026;Крепление груза в контейнере согласно действующей схемы крепления Заявка от 17.07.2026 Выполнено 22.07.2026 10:04;RLS54535;15.07.2026 17:45;23.07.2026 09:01;17.07.2026 12:41;;Акционерное общество "Богучанский Алюминиевый Завод";;экспедиторская
24;TKRU3030282;22G1;DC 20;DC;29796.000;27716.000;2080.000;30480.000;;КЛЕЩ-60СЦ5РЖДН5789189;STQNVS78761;;09.07.2026;АНОДНЫЕ БЛОКИ;GOLDTEX CONSULTANTS LIMITED 2305,UNIVERSAL TRADE CENTRE,3 ARBUTHNOTROAD,CENTRAL,HONG KONG.;;16.07.2026;2026/Q2511N/Q2512S/STQNVS78761;O3 RM;O3;RM;;16.07.2026 06:48;Q2511N/Q2512S ДЖИ КСИНГ 89;JI XING 89;Республика Гвинея-Бисау;Q2511N;РИЖАО(CNRZH);CHN;СМАРТ ООО;СМАРТ ООО;РУСАЛТРАНС ООО;ГТД;10720020/170726/5002517 10720020/170726/5002517;03.08.2026 01:47;Ж/Д;99205874;ЭЦ756187;0047595491;ПИХТОВАЯ (895506);Россия;;;Перемещение контейнера при креплении груза/стали/установке щита Заявка от 19.07.2026 Приведение дефектного контейнера в транспортабельное состояние Заявка от 17.07.2026 Выполнено 19.07.2026 11:43 Крепление груза в контейнере согласно действующей схемы крепления Заявка от 17.07.2026 Выполнено 22.07.2026 10:04;Перемещение контейнера при креплении груза/стали/установке щита Заявка от 19.07.2026;Приведение дефектного контейнера в транспортабельное состояние Заявка от 17.07.2026 Выполнено 19.07.2026 11:43;Крепление груза в контейнере согласно действующей схемы крепления Заявка от 17.07.2026 Выполнено 22.07.2026 10:04;RLS54512;15.07.2026 17:41;22.07.2026 10:33;17.07.2026 12:41;;Акционерное общество "Богучанский Алюминиевый Завод";;экспедиторская
25;TKRU3536239;22G1;DC 20;DC;29936.000;27756.000;2180.000;32500.000;;КЛЕЩ-60СЦ5РЖДО2305579;STQNVS78762;;09.07.2026;АНОДНЫЕ БЛОКИ;GOLDTEX CONSULTANTS LIMITED 2305,UNIVERSAL TRADE CENTRE,3 ARBUTHNOTROAD,CENTRAL,HONG KONG.;;16.07.2026;2026/Q2511N/Q2512S/STQNVS78762;;;16.07.2026 06:55;Q2511N/Q2512S ДЖИ КСИНГ 89;JI XING 89;Республика Гвинея-Бисау;Q2511N;РИЖАО(CNRZH);CHN;СМАРТ ООО;СМАРТ ООО;РУСАЛТРАНС ООО;ГТД;10620010/140726/5123028 10620010/140726/5123028;01.08.2026 00:07;Ж/Д;95912895;ЭЦ606713;0047584604;КАМЫШТА (887603);Россия;;;Перемещение контейнера при креплении груза/стали/установке щита Заявка от 19.07.2026 Крепление груза в контейнере согласно действующей схемы крепления Заявка от 17.07.2026 Выполнено 23.07.2026 11:42;Перемещение контейнера при креплении груза/стали/установке щита Заявка от 19.07.2026;Крепление груза в контейнере согласно действующей схемы крепления Заявка от 17.07.2026 Выполнено 23.07.2026 11:42;RLS54582;15.07.2026 17:51;19.07.2026 18:32;16.07.2026 19:01;;Акционерное общество "РУСАЛ Саяногорский Алюминиевый Завод";;экспедиторская
26;TKRU3247175;22G1;DC 20;DC;29796.000;27716.000;2080.000;30480.000;;КЛЕЩ-60СЦ5РЖДН8118840;STQNVS78761;;09.07.2026;АНОДНЫЕ БЛОКИ;GOLDTEX CONSULTANTS LIMITED 2305,UNIVERSAL TRADE CENTRE,3 ARBUTHNOTROAD,CENTRAL,HONG KONG.;;16.07.2026;2026/Q2511N/Q2512S/STQNVS78761;;;16.07.2026 07:00;Q2511N/Q2512S ДЖИ КСИНГ 89;JI XING 89;Республика Гвинея-Бисау;Q2511N;РИЖАО(CNRZH);CHN;СМАРТ ООО;СМАРТ ООО;РУСАЛТРАНС ООО;ГТД;10720020/170726/5002517 10720020/170726/5002517;03.08.2026 01:47;Ж/Д;91980151;ЭЦ757399;0047595491;ПИХТОВАЯ (895506);Россия;;;Перемещение контейнера при креплении груза/стали/установке щита Заявка от 19.07.2026 Крепление груза в контейнере согласно действующей схемы крепления Заявка от 17.07.2026 Выполнено 22.07.2026 10:04;Перемещение контейнера при креплении груза/стали/установке щита Заявка от 19.07.2026;Крепление груза в контейнере согласно действующей схемы крепления Заявка от 17.07.2026 Выполнено 22.07.2026 10:04;RLS54525;15.07.2026 17:43;22.07.2026 10:33;17.07.2026 12:41;;Акционерное общество "Богучанский Алюминиевый Завод";;экспедиторская
27;TKRU3055043;22G1;DC 20;DC;29916.000;27756.000;2160.000;30480.000;;КЛЕЩ-60СЦ5РЖДО2305584;STQNVS78762;;09.07.2026;АНОДНЫЕ БЛОКИ;GOLDTEX CONSULTANTS LIMITED 2305,UNIVERSAL TRADE CENTRE,3 ARBUTHNOTROAD,CENTRAL,HONG KONG.;;16.07.2026;2026/Q2511N/Q2512S/STQNVS78762;;;16.07.2026 07:05;Q2511N/Q2512S ДЖИ КСИНГ 89;JI XING 89;Республика Гвинея-Бисау;Q2511N;РИЖАО(CNRZH);CHN;СМАРТ ООО;СМАРТ ООО;РУСАЛТРАНС ООО;ГТД;10620010/140726/5123028 10620010/140726/5123028;03.08.2026 01:47;Ж/Д;91984310;ЭЦ755855;0047595440;КАМЫШТА (887603);Россия;;;Перемещение контейнера при креплении груза/стали/установке щита Заявка от 19.07.2026 Приведение дефектного контейнера в транспортабельное состояние Заявка от 19.07.2026 Выполнено 19.07.2026 15:50 Крепление груза в контейнере согласно действующей схемы крепления Заявка от 17.07.2026 Выполнено 23.07.2026 11:42;Перемещение контейнера при креплении груза/стали/установке щита Заявка от 19.07.2026;Приведение дефектного контейнера в транспортабельное состояние Заявка от 19.07.2026 Выполнено 19.07.2026 15:50;Крепление груза в контейнере согласно действующей схемы крепления Заявка от 17.07.2026 Выполнено 23.07.2026 11:42;RLS54551;15.07.2026 17:46;22.07.2026 10:33;16.07.2026 19:01;;Акционерное общество "РУСАЛ Саяногорский Алюминиевый Завод";;экспедиторская
28;GQRU3003815;22G1;DC 20;DC;29936.000;27716.000;2220.000;30480.000;;КЛЕЩ-60СЦ5РЖДН5795325;STQNVS78761;;09.07.2026;АНОДНЫЕ БЛОКИ;GOLDTEX CONSULTANTS LIMITED 2305,UNIVERSAL TRADE CENTRE,3 ARBUTHNOTROAD,CENTRAL,HONG KONG.;;16.07.2026;2026/Q2511N/Q2512S/STQNVS78761;;;16.07.2026 08:39;Q2511N/Q2512S ДЖИ КСИНГ 89;JI XING 89;Республика Гвинея-Бисау;Q2511N;РИЖАО(CNRZH);CHN;СМАРТ ООО;СМАРТ ООО;РУСАЛТРАНС ООО;ГТД;10720020/170726/5002517 10720020/170726/5002517;01.08.2026 19:06;Ж/Д;98126972;ЭЦ756795;0047595491;ПИХТОВАЯ (895506);Россия;;;Перемещение контейнера при креплении груза/стали/установке щита Заявка от 20.07.2026 Крепление груза в контейнере согласно действующей схемы крепления Заявка от 17.07.2026 Выполнено 22.07.2026 10:04;Перемещение контейнера при креплении груза/стали/установке щита Заявка от 20.07.2026;Крепление груза в контейнере согласно действующей схемы крепления Заявка от 17.07.2026 Выполнено 22.07.2026 10:04;RLS54507;15.07.2026 17:40;22.07.2026 10:33;17.07.2026 12:41;;Акционерное общество "Богучанский Алюминиевый Завод";;экспедиторская
29;TKRU3554931;22G1;DC 20;DC;29886.000;27756.000;2130.000;32500.000;;КЛЕЩ-60СЦ5РЖДН5789178;STQNVS78762;;09.07.2026;АНОДНЫЕ БЛОКИ;GOLDTEX CONSULTANTS LIMITED 2305,UNIVERSAL TRADE CENTRE,3 ARBUTHNOTROAD,CENTRAL,HONG KONG.;;16.07.2026;2026/Q2511N/Q2512S/STQNVS78762;;;16.07.2026 08:40;Q2511N/Q2512S ДЖИ КСИНГ 89;JI XING 89;Республика Гвинея-Бисау;Q2511N;РИЖАО(CNRZH);CHN;СМАРТ ООО;СМАРТ ООО;РУСАЛТРАНС ООО;ГТД;10620010/140726/5123028 10620010/140726/5123028;03.08.2026 01:47;Ж/Д;98674955;ЭЦ755966;0047595440;КАМЫШТА (887603);Россия;;;Перемещение контейнера при креплении груза/стали/установке щита Заявка от 19.07.2026 Крепление груза в контейнере согласно действующей схемы крепления Заявка от 17.07.2026 Выполнено 23.07.2026 11:42;Перемещение контейнера при креплении груза/стали/установке щита Заявка от 19.07.2026;Крепление груза в контейнере согласно действующей схемы крепления Заявка от 17.07.2026 Выполнено 23.07.2026 11:42;RLS54584;15.07.2026 17:52;22.07.2026 10:33;16.07.2026 19:01;;Акционерное общество "РУСАЛ Саяногорский Алюминиевый Завод";;экспедиторская
30;TKRU3160497;22G1;DC 20;DC;29836.000;27756.000;2080.000;30480.000;;КЛЕЩ-60СЦ5РЖДН5789101;STQNVS78760;;09.07.2026;АНОДНЫЕ БЛОКИ;GOLDTEX CONSULTANTS LIMITED 2305,UNIVERSAL TRADE CENTRE,3 ARBUTHNOTROAD,CENTRAL,HONG KONG.;;16.07.2026;2026/Q2511N/Q2512S/STQNVS78760;;;16.07.2026 09:40;Q2511N/Q2512S ДЖИ КСИНГ 89;JI XING 89;Республика Гвинея-Бисау;Q2511N;РИЖАО(CNRZH);CHN;СМАРТ ООО;СМАРТ ООО;РУСАЛТРАНС ООО;ГТД;10620010/140726/5123057 10620010/140726/5123057;01.08.2026 19:06;Ж/Д;94433877;ЭЦ756912;0047584604;КАМЫШТА (887603);Россия;;;Перемещение контейнера при креплении груза/стали/установке щита Заявка от 20.07.2026 Крепление груза в контейнере согласно действующей схемы крепления Заявка от 16.07.2026 Выполнено 20.07.2026 19:12;Перемещение контейнера при креплении груза/стали/установке щита Заявка от 20.07.2026;Крепление груза в контейнере согласно действующей схемы крепления Заявка от 16.07.2026 Выполнено 20.07.2026 19:12;RLS54487;15.07.2026 17:38;22.07.2026 10:33;16.07.2026 11:38;;Акционерное общество "РУСАЛ Саяногорский Алюминиевый Завод";;экспедиторская
31;TKRU3445490;22G1;DC 20;DC;30056.000;27756.000;2300.000;30480.000;;КЛЕЩ-60СЦ5РЖДН5789173;STQNVS78762;;09.07.2026;АНОДНЫЕ БЛОКИ;GOLDTEX CONSULTANTS LIMITED 2305,UNIVERSAL TRADE CENTRE,3 ARBUTHNOTROAD,CENTRAL,HONG KONG.;;16.07.2026;2026/Q2511N/Q2512S/STQNVS78762;O4 P5 RM;O4;P5;RM;;16.07.2026 09:44;Q2511N/Q2512S ДЖИ КСИНГ 89;JI XING 89;Республика Гвинея-Бисау;Q2511N;РИЖАО(CNRZH);CHN;СМАРТ ООО;СМАРТ ООО;РУСАЛТРАНС ООО;ГТД;10620010/140726/5123028 10620010/140726/5123028;03.08.2026 01:47;Ж/Д;94954054;ЭЦ755903;0047595440;КАМЫШТА (887603);Россия;;;Перемещение контейнера при креплении груза/стали/установке щита Заявка от 19.07.2026 Приведение дефектного контейнера в транспортабельное состояние Заявка от 19.07.2026 Выполнено 19.07.2026 16:04 Крепление груза в контейнере согласно действующей схемы крепления Заявка от 17.07.2026 Выполнено 23.07.2026 11:42;Перемещение контейнера при креплении груза/стали/установке щита Заявка от 19.07.2026;Приведение дефектного контейнера в транспортабельное состояние Заявка от 19.07.2026 Выполнено 19.07.2026 16:04;Крепление груза в контейнере согласно действующей схемы крепления Заявка от 17.07.2026 Выполнено 23.07.2026 11:42;RLS54579;15.07.2026 17:51;22.07.2026 10:33;16.07.2026 19:01;;Акционерное общество "РУСАЛ Саяногорский Алюминиевый Завод";;экспедиторская
32;TKRU3072101;22G1;DC 20;DC;29916.000;27756.000;2160.000;30480.000;;КЛЕЩ-60СЦ5РЖДН5789109;STQNVS78762;;09.07.2026;АНОДНЫЕ БЛОКИ;GOLDTEX CONSULTANTS LIMITED 2305,UNIVERSAL TRADE CENTRE,3 ARBUTHNOTROAD,CENTRAL,HONG KONG.;;16.07.2026;2026/Q2511N/Q2512S/STQNVS78762;;;16.07.2026 09:46;Q2511N/Q2512S ДЖИ КСИНГ 89;JI XING 89;Республика Гвинея-Бисау;Q2511N;РИЖАО(CNRZH);CHN;СМАРТ ООО;СМАРТ ООО;РУСАЛТРАНС ООО;ГТД;10620010/140726/5123028 10620010/140726/5123028;03.08.2026 01:47;Ж/Д;54289822;ЭЦ756294;0047595440;КАМЫШТА (887603);Россия;;;Перемещение контейнера при креплении груза/стали/установке щита Заявка от 20.07.2026 Крепление груза в контейнере согласно действующей схемы крепления Заявка от 17.07.2026 Выполнено 23.07.2026 11:42;Перемещение контейнера при креплении груза/стали/установке щита Заявка от 20.07.2026;Крепление груза в контейнере согласно действующей схемы крепления Заявка от 17.07.2026 Выполнено 23.07.2026 11:42;RLS54552;15.07.2026 17:47;22.07.2026 10:33;16.07.2026 19:01;;Акционерное общество "РУСАЛ Саяногорский Алюминиевый Завод";;экспедиторская
33;TKRU3486420;22G1;DC 20;DC;30016.000;27716.000;2300.000;30480.000;;КЛЕЩ-60СЦ5РЖДН5795323;STQNVS78761;;09.07.2026;АНОДНЫЕ БЛОКИ;GOLDTEX CONSULTANTS LIMITED 2305,UNIVERSAL TRADE CENTRE,3 ARBUTHNOTROAD,CENTRAL,HONG KONG.;;16.07.2026;2026/Q2511N/Q2512S/STQNVS78761;;;16.07.2026 09:48;Q2511N/Q2512S ДЖИ КСИНГ 89;JI XING 89;Республика Гвинея-Бисау;Q2511N;РИЖАО(CNRZH);CHN;СМАРТ ООО;СМАРТ ООО;РУСАЛТРАНС ООО;ГТД;10720020/170726/5002517 10720020/170726/5002517;03.08.2026 01:47;Ж/Д;91981167;ЭЦ756011;0047595491;ПИХТОВАЯ (895506);Россия;;;Перемещение контейнера при креплении груза/стали/установке щита Заявка от 21.07.2026 Крепление груза в контейнере согласно действующей схемы крепления Заявка от 17.07.2026 Выполнено 22.07.2026 10:04;Перемещение контейнера при креплении груза/стали/установке щита Заявка от 21.07.2026;Крепление груза в контейнере согласно действующей схемы крепления Заявка от 17.07.2026 Выполнено 22.07.2026 10:04;RLS54536;15.07.2026 17:45;22.07.2026 10:33;17.07.2026 12:41;;Акционерное общество "Богучанский Алюминиевый Завод";;экспедиторская
34;TKRU3003965;22G1;DC 20;DC;29976.000;27756.000;2220.000;30480.000;;КЛЕЩ-60СЦ5РЖДН5789116;STQNVS78760;;09.07.2026;АНОДНЫЕ БЛОКИ;GOLDTEX CONSULTANTS LIMITED 2305,UNIVERSAL TRADE CENTRE,3 ARBUTHNOTROAD,CENTRAL,HONG KONG.;;16.07.2026;2026/Q2511N/Q2512S/STQNVS78760;;;16.07.2026 09:51;Q2511N/Q2512S ДЖИ КСИНГ 89;JI XING 89;Республика Гвинея-Бисау;Q2511N;РИЖАО(CNRZH);CHN;СМАРТ ООО;СМАРТ ООО;РУСАЛТРАНС ООО;ГТД;10620010/140726/5123057 10620010/140726/5123057;01.08.2026 00:07;Ж/Д;91742858;ЭЦ756251;0047584604;КАМЫШТА (887603);Россия;;;Перемещение контейнера при креплении груза/стали/установке щита Заявка от 20.07.2026 Крепление груза в контейнере согласно действующей схемы крепления Заявка от 16.07.2026 Выполнено 20.07.2026 19:12;Перемещение контейнера при креплении груза/стали/установке щита Заявка от 20.07.2026;Крепление груза в контейнере согласно действующей схемы крепления Заявка от 16.07.2026 Выполнено 20.07.2026 19:12;RLS54477;15.07.2026 17:35;22.07.2026 10:33;16.07.2026 11:38;;Акционерное общество "РУСАЛ Саяногорский Алюминиевый Завод";;экспедиторская
35;TKRU3264423;22G1;DC 20;DC;29796.000;27716.000;2080.000;30480.000;;КЛЕЩ-60СЦ5РЖДН5795320;STQNVS78761;;09.07.2026;АНОДНЫЕ БЛОКИ;GOLDTEX CONSULTANTS LIMITED 2305,UNIVERSAL TRADE CENTRE,3 ARBUTHNOTROAD,CENTRAL,HONG KONG.;;16.07.2026;2026/Q2511N/Q2512S/STQNVS78761;;;16.07.2026 10:02;Q2511N/Q2512S ДЖИ КСИНГ 89;JI XING 89;Республика Гвинея-Бисау;Q2511N;РИЖАО(CNRZH);CHN;СМАРТ ООО;СМАРТ ООО;РУСАЛТРАНС ООО;ГТД;10720020/170726/5002517 10720020/170726/5002517;03.08.2026 01:47;Ж/Д;98579022;ЭЦ755988;0047595491;ПИХТОВАЯ (895506);Россия;;;Перемещение контейнера при креплении груза/стали/установке щита Заявка от 21.07.2026 Крепление груза в контейнере согласно действующей схемы крепления Заявка от 17.07.2026 Выполнено 22.07.2026 10:04;Перемещение контейнера при креплении груза/стали/установке щита Заявка от 21.07.2026;Крепление груза в контейнере согласно действующей схемы крепления Заявка от 17.07.2026 Выполнено 22.07.2026 10:04;RLS54528;15.07.2026 17:44;22.07.2026 10:33;17.07.2026 12:41;;Акционерное общество "Богучанский Алюминиевый Завод";;экспедиторская
36;GQRU3117464;22G1;DC 20;DC;29916.000;27756.000;2160.000;30480.000;;КЛЕЩ-60СЦ5РЖДН5789106;STQNVS78760;;09.07.2026;АНОДНЫЕ БЛОКИ;GOLDTEX CONSULTANTS LIMITED 2305,UNIVERSAL TRADE CENTRE,3 ARBUTHNOTROAD,CENTRAL,HONG KONG.;;16.07.2026;2026/Q2511N/Q2512S/STQNVS78760;;;16.07.2026 10:03;Q2511N/Q2512S ДЖИ КСИНГ 89;JI XING 89;Республика Гвинея-Бисау;Q2511N;РИЖАО(CNRZH);CHN;СМАРТ ООО;СМАРТ ООО;РУСАЛТРАНС ООО;ГТД;10620010/140726/5123057 10620010/140726/5123057;01.08.2026 19:06;Ж/Д;94433877;ЭЦ756268;0047584604;КАМЫШТА (887603);Россия;;;Перемещение контейнера при креплении груза/стали/установке щита Заявка от 20.07.2026 Крепление груза в контейнере согласно действующей схемы крепления Заявка от 16.07.2026 Выполнено 20.07.2026 19:12;Перемещение контейнера при креплении груза/стали/установке щита Заявка от 20.07.2026;Крепление груза в контейнере согласно действующей схемы крепления Заявка от 16.07.2026 Выполнено 20.07.2026 19:12;RLS54475;15.07.2026 17:35;22.07.2026 10:33;16.07.2026 11:38;;Акционерное общество "РУСАЛ Саяногорский Алюминиевый Завод";;экспедиторская
37;TKRU3383818;22G1;DC 20;DC;29836.000;27756.000;2080.000;30480.000;;КЛЕЩ-60СЦ5РЖДН5799159;STQNVS78760;;09.07.2026;АНОДНЫЕ БЛОКИ;GOLDTEX CONSULTANTS LIMITED 2305,UNIVERSAL TRADE CENTRE,3 ARBUTHNOTROAD,CENTRAL,HONG KONG.;;16.07.2026;2026/Q2511N/Q2512S/STQNVS78760;;;16.07.2026 10:07;Q2511N/Q2512S ДЖИ КСИНГ 89;JI XING 89;Республика Гвинея-Бисау;Q2511N;РИЖАО(CNRZH);CHN;СМАРТ ООО;СМАРТ ООО;РУСАЛТРАНС ООО;ГТД;10620010/140726/5123057 10620010/140726/5123057;03.08.2026 01:47;Ж/Д;91646893;ЭЦ757227;0047584604;КАМЫШТА (887603);Россия;;;Перемещение контейнера при креплении груза/стали/установке щита Заявка от 19.07.2026 Крепление груза в контейнере согласно действующей схемы крепления Заявка от 16.07.2026 Выполнено 20.07.2026 19:12;Перемещение контейнера при креплении груза/стали/установке щита Заявка от 19.07.2026;Крепление груза в контейнере согласно действующей схемы крепления Заявка от 16.07.2026 Выполнено 20.07.2026 19:12;RLS54497;15.07.2026 17:38;22.07.2026 10:33;16.07.2026 11:38;;Акционерное общество "РУСАЛ Саяногорский Алюминиевый Завод";;экспедиторская
38;TKRU3067173;22G1;DC 20;DC;29876.000;27716.000;2160.000;30480.000;;КЛЕЩ-60СЦ 5РЖД H5789064;STQNVS78761;;09.07.2026;АНОДНЫЕ БЛОКИ;GOLDTEX CONSULTANTS LIMITED 2305,UNIVERSAL TRADE CENTRE,3 ARBUTHNOTROAD,CENTRAL,HONG KONG.;;16.07.2026;2026/Q2511N/Q2512S/STQNVS78761;;;16.07.2026 10:12;Q2511N/Q2512S ДЖИ КСИНГ 89;JI XING 89;Республика Гвинея-Бисау;Q2511N;РИЖАО(CNRZH);CHN;СМАРТ ООО;СМАРТ ООО;РУСАЛТРАНС ООО;ГТД;10720020/170726/5002517 10720020/170726/5002517;03.08.2026 01:47;Ж/Д;54274741;ЭЦ756118;0047595491;ПИХТОВАЯ (895506);Россия;;;Перемещение контейнера при креплении груза/стали/установке щита Заявка от 21.07.2026 Крепление груза в контейнере согласно действующей схемы крепления Заявка от 17.07.2026 Выполнено 22.07.2026 10:04;Перемещение контейнера при креплении груза/стали/установке щита Заявка от 21.07.2026;Крепление груза в контейнере согласно действующей схемы крепления Заявка от 17.07.2026 Выполнено 22.07.2026 10:04;RLS54514;15.07.2026 17:41;22.07.2026 10:33;17.07.2026 12:41;;Акционерное общество "Богучанский Алюминиевый Завод";;экспедиторская
39;TKRU3198677;22G1;DC 20;DC;29796.000;27716.000;2080.000;30480.000;;КЛЕЩ-60СЦ5РЖДН5789175;STQNVS78761;;09.07.2026;АНОДНЫЕ БЛОКИ;GOLDTEX CONSULTANTS LIMITED 2305,UNIVERSAL TRADE CENTRE,3 ARBUTHNOTROAD,CENTRAL,HONG KONG.;;16.07.2026;2026/Q2511N/Q2512S/STQNVS78761;;;16.07.2026 10:13;Q2511N/Q2512S ДЖИ КСИНГ 89;JI XING 89;Республика Гвинея-Бисау;Q2511N;РИЖАО(CNRZH);CHN;СМАРТ ООО;СМАРТ ООО;РУСАЛТРАНС ООО;ГТД;10720020/170726/5002517 10720020/170726/5002517;03.08.2026 01:47;Ж/Д;91723932;ЭЦ756301;0047595491;ПИХТОВАЯ (895506);Россия;;;Перемещение контейнера при креплении груза/стали/установке щита Заявка от 19.07.2026 Крепление груза в контейнере согласно действующей схемы крепления Заявка от 17.07.2026 Выполнено 22.07.2026 10:04;Перемещение контейнера при креплении груза/стали/установке щита Заявка от 19.07.2026;Крепление груза в контейнере согласно действующей схемы крепления Заявка от 17.07.2026 Выполнено 22.07.2026 10:04;RLS54522;15.07.2026 17:43;22.07.2026 10:33;17.07.2026 12:41;;Акционерное общество "Богучанский Алюминиевый Завод";;экспедиторская
40;TKRU3372794;22G1;DC 20;DC;29836.000;27756.000;2080.000;30480.000;;КЛЕЩ-60СЦ5РЖДН5795338;STQNVS78762;;09.07.2026;АНОДНЫЕ БЛОКИ;GOLDTEX CONSULTANTS LIMITED 2305,UNIVERSAL TRADE CENTRE,3 ARBUTHNOTROAD,CENTRAL,HONG KONG.;;16.07.2026;2026/Q2511N/Q2512S/STQNVS78762;RM L31;RM;L31;;16.07.2026 10:18;Q2511N/Q2512S ДЖИ КСИНГ 89;JI XING 89;Республика Гвинея-Бисау;Q2511N;РИЖАО(CNRZH);CHN;СМАРТ ООО;СМАРТ ООО;РУСАЛТРАНС ООО;ГТД;10620010/140726/5123028 10620010/140726/5123028;05.08.2026 06:02;Ж/Д;94406519;ЭЦ839683;0047607999;КАМЫШТА (887603);Россия;;;Перемещение контейнера при креплении груза/стали/установке щита Заявка от 23.07.2026 Приведение дефектного контейнера в транспортабельное состояние Заявка от 21.07.2026 Выполнено 22.07.2026 11:40 Крепление груза в контейнере согласно действующей схемы крепления Заявка от 17.07.2026 Выполнено 23.07.2026 11:42;Перемещение контейнера при креплении груза/стали/установке щита Заявка от 23.07.2026;Приведение дефектного контейнера в транспортабельное состояние Заявка от 21.07.2026 Выполнено 22.07.2026 11:40;Крепление груза в контейнере согласно действующей схемы крепления Заявка от 17.07.2026 Выполнено 23.07.2026 11:42;RLS54573;15.07.2026 17:50;23.07.2026 18:32;16.07.2026 19:01;;Акционерное общество "РУСАЛ Саяногорский Алюминиевый Завод";;экспедиторская
41;TKRU3243523;22G1;DC 20;DC;29836.000;27756.000;2080.000;30480.000;;КЛЕЩ-60СЦ5РЖДН5789128;STQNVS78762;;09.07.2026;АНОДНЫЕ БЛОКИ;GOLDTEX CONSULTANTS LIMITED 2305,UNIVERSAL TRADE CENTRE,3 ARBUTHNOTROAD,CENTRAL,HONG KONG.;;16.07.2026;2026/Q2511N/Q2512S/STQNVS78762;;;16.07.2026 10:29;Q2511N/Q2512S ДЖИ КСИНГ 89;JI XING 89;Республика Гвинея-Бисау;Q2511N;РИЖАО(CNRZH);CHN;СМАРТ ООО;СМАРТ ООО;РУСАЛТРАНС ООО;ГТД;10620010/140726/5123028 10620010/140726/5123028;03.08.2026 01:47;Ж/Д;54289822;ЭЦ756302;0047595440;КАМЫШТА (887603);Россия;;;Перемещение контейнера при креплении груза/стали/установке щита Заявка от 20.07.2026 Крепление груза в контейнере согласно действующей схемы крепления Заявка от 17.07.2026 Выполнено 23.07.2026 11:42;Перемещение контейнера при креплении груза/стали/установке щита Заявка от 20.07.2026;Крепление груза в контейнере согласно действующей схемы крепления Заявка от 17.07.2026 Выполнено 23.07.2026 11:42;RLS54561;15.07.2026 17:48;22.07.2026 10:33;16.07.2026 19:01;;Акционерное общество "РУСАЛ Саяногорский Алюминиевый Завод";;экспедиторская
42;TKRU3158191;22G1;DC 20;DC;29836.000;27756.000;2080.000;30480.000;;КЛЕЩ-60СЦ5РЖДО2305591;STQNVS78762;;09.07.2026;АНОДНЫЕ БЛОКИ;GOLDTEX CONSULTANTS LIMITED 2305,UNIVERSAL TRADE CENTRE,3 ARBUTHNOTROAD,CENTRAL,HONG KONG.;;16.07.2026;2026/Q2511N/Q2512S/STQNVS78762;;;16.07.2026 10:31;Q2511N/Q2512S ДЖИ КСИНГ 89;JI XING 89;Республика Гвинея-Бисау;Q2511N;РИЖАО(CNRZH);CHN;СМАРТ ООО;СМАРТ ООО;РУСАЛТРАНС ООО;ГТД;10620010/140726/5123028 10620010/140726/5123028;04.08.2026 00:20;Ж/Д;91213595;ЭЦ757264;0047595440;КАМЫШТА (887603);Россия;;;Перемещение контейнера при креплении груза/стали/установке щита Заявка от 19.07.2026 Крепление груза в контейнере согласно действующей схемы крепления Заявка от 17.07.2026 Выполнено 23.07.2026 11:42;Перемещение контейнера при креплении груза/стали/установке щита Заявка от 19.07.2026;Крепление груза в контейнере согласно действующей схемы крепления Заявка от 17.07.2026 Выполнено 23.07.2026 11:42;RLS54555;15.07.2026 17:48;22.07.2026 10:33;16.07.2026 19:01;;Акционерное общество "РУСАЛ Саяногорский Алюминиевый Завод";;экспедиторская
43;TKRU3182602;22G1;DC 20;DC;29836.000;27756.000;2080.000;30480.000;;КЛЕЩ-60СЦ5РЖДН5789142;STQNVS78760;;09.07.2026;АНОДНЫЕ БЛОКИ;GOLDTEX CONSULTANTS LIMITED 2305,UNIVERSAL TRADE CENTRE,3 ARBUTHNOTROAD,CENTRAL,HONG KONG.;;16.07.2026;2026/Q2511N/Q2512S/STQNVS78760;;;16.07.2026 10:32;Q2511N/Q2512S ДЖИ КСИНГ 89;JI XING 89;Республика Гвинея-Бисау;Q2511N;РИЖАО(CNRZH);CHN;СМАРТ ООО;СМАРТ ООО;РУСАЛТРАНС ООО;ГТД;10620010/140726/5123057 10620010/140726/5123057;04.08.2026 00:20;Ж/Д;91213595;ЭЦ756878;0047584604;КАМЫШТА (887603);Россия;;;Перемещение контейнера при креплении груза/стали/установке щита Заявка от 20.07.2026 Крепление груза в контейнере согласно действующей схемы крепления Заявка от 16.07.2026 Выполнено 20.07.2026 19:12;Перемещение контейнера при креплении груза/стали/установке щита Заявка от 20.07.2026;Крепление груза в контейнере согласно действующей схемы крепления Заявка от 16.07.2026 Выполнено 20.07.2026 19:12;RLS54490;15.07.2026 17:39;22.07.2026 10:33;16.07.2026 11:38;;Акционерное общество "РУСАЛ Саяногорский Алюминиевый Завод";;экспедиторская
44;TKRU3340396;22G1;DC 20;DC;30056.000;27756.000;2300.000;30480.000;;КЛЕЩ-60СЦ5РЖДН5789110;STQNVS78762;;09.07.2026;АНОДНЫЕ БЛОКИ;GOLDTEX CONSULTANTS LIMITED 2305,UNIVERSAL TRADE CENTRE,3 ARBUTHNOTROAD,CENTRAL,HONG KONG.;;16.07.2026;2026/Q2511N/Q2512S/STQNVS78762;;;16.07.2026 10:38;Q2511N/Q2512S ДЖИ КСИНГ 89;JI XING 89;Республика Гвинея-Бисау;Q2511N;РИЖАО(CNRZH);CHN;СМАРТ ООО;СМАРТ ООО;РУСАЛТРАНС ООО;ГТД;10620010/140726/5123028 10620010/140726/5123028;01.08.2026 00:07;Ж/Д;99205841;ЭЦ756762;0047595440;КАМЫШТА (887603);Россия;;;Перемещение контейнера при креплении груза/стали/установке щита Заявка от 20.07.2026 Крепление груза в контейнере согласно действующей схемы крепления Заявка от 17.07.2026 Выполнено 23.07.2026 11:42;Перемещение контейнера при креплении груза/стали/установке щита Заявка от 20.07.2026;Крепление груза в контейнере согласно действующей схемы крепления Заявка от 17.07.2026 Выполнено 23.07.2026 11:42;RLS54571;15.07.2026 17:50;22.07.2026 10:33;16.07.2026 19:01;;Акционерное общество "РУСАЛ Саяногорский Алюминиевый Завод";;экспедиторская
45;TKRU3535227;22G1;DC 20;DC;29936.000;27756.000;2180.000;32500.000;;КЛЕЩ-60СЦ5РЖДН5795327;STQNVS78760;;09.07.2026;АНОДНЫЕ БЛОКИ;GOLDTEX CONSULTANTS LIMITED 2305,UNIVERSAL TRADE CENTRE,3 ARBUTHNOTROAD,CENTRAL,HONG KONG.;;16.07.2026;2026/Q2511N/Q2512S/STQNVS78760;;;16.07.2026 10:39;Q2511N/Q2512S ДЖИ КСИНГ 89;JI XING 89;Республика Гвинея-Бисау;Q2511N;РИЖАО(CNRZH);CHN;СМАРТ ООО;СМАРТ ООО;РУСАЛТРАНС ООО;ГТД;10620010/140726/5123057 10620010/140726/5123057;01.08.2026 00:07;Ж/Д;98157787;ЭЦ756846;0047595440;КАМЫШТА (887603);Россия;;;Перемещение контейнера при креплении груза/стали/установке щита Заявка от 20.07.2026 Крепление груза в контейнере согласно действующей схемы крепления Заявка от 16.07.2026 Выполнено 20.07.2026 19:12;Перемещение контейнера при креплении груза/стали/установке щита Заявка от 20.07.2026;Крепление груза в контейнере согласно действующей схемы крепления Заявка от 16.07.2026 Выполнено 20.07.2026 19:12;RLS54505;15.07.2026 17:40;22.07.2026 10:02;16.07.2026 11:38;;Акционерное общество "РУСАЛ Саяногорский Алюминиевый Завод";;экспедиторская
46;TKRU3253183;22G1;DC 20;DC;29836.000;27756.000;2080.000;30480.000;;КЛЕЩ-60СЦ5РЖДН5789104;STQNVS78762;;09.07.2026;АНОДНЫЕ БЛОКИ;GOLDTEX CONSULTANTS LIMITED 2305,UNIVERSAL TRADE CENTRE,3 ARBUTHNOTROAD,CENTRAL,HONG KONG.;;16.07.2026;2026/Q2511N/Q2512S/STQNVS78762;;;16.07.2026 10:42;Q2511N/Q2512S ДЖИ КСИНГ 89;JI XING 89;Республика Гвинея-Бисау;Q2511N;РИЖАО(CNRZH);CHN;СМАРТ ООО;СМАРТ ООО;РУСАЛТРАНС ООО;ГТД;10620010/140726/5123028 10620010/140726/5123028;04.08.2026 00:20;Ж/Д;95499091;ЭЦ756342;0047595440;КАМЫШТА (887603);Россия;;;Перемещение контейнера при креплении груза/стали/установке щита Заявка от 20.07.2026 Крепление груза в контейнере согласно действующей схемы крепления Заявка от 17.07.2026 Выполнено 23.07.2026 11:42;Перемещение контейнера при креплении груза/стали/установке щита Заявка от 20.07.2026;Крепление груза в контейнере согласно действующей схемы крепления Заявка от 17.07.2026 Выполнено 23.07.2026 11:42;RLS54564;15.07.2026 17:49;22.07.2026 10:33;16.07.2026 19:01;;Акционерное общество "РУСАЛ Саяногорский Алюминиевый Завод";;экспедиторская
47;TKRU3013900;22G1;DC 20;DC;29936.000;27716.000;2220.000;30480.000;;КЛЕЩ-60СЦ5РЖДН5795322;STQNVS78761;;09.07.2026;АНОДНЫЕ БЛОКИ;GOLDTEX CONSULTANTS LIMITED 2305,UNIVERSAL TRADE CENTRE,3 ARBUTHNOTROAD,CENTRAL,HONG KONG.;;16.07.2026;2026/Q2511N/Q2512S/STQNVS78761;;;16.07.2026 10:43;Q2511N/Q2512S ДЖИ КСИНГ 89;JI XING 89;Республика Гвинея-Бисау;Q2511N;РИЖАО(CNRZH);CHN;СМАРТ ООО;СМАРТ ООО;РУСАЛТРАНС ООО;ГТД;10720020/170726/5002517 10720020/170726/5002517;01.08.2026 19:06;Ж/Д;98126972;ЭЦ756026;0047595491;ПИХТОВАЯ (895506);Россия;;;Перемещение контейнера при креплении груза/стали/установке щита Заявка от 21.07.2026 Крепление груза в контейнере согласно действующей схемы крепления Заявка от 17.07.2026 Выполнено 22.07.2026 10:04;Перемещение контейнера при креплении груза/стали/установке щита Заявка от 21.07.2026;Крепление груза в контейнере согласно действующей схемы крепления Заявка от 17.07.2026 Выполнено 22.07.2026 10:04;RLS54509;15.07.2026 17:40;22.07.2026 10:33;17.07.2026 12:41;;Акционерное общество "Богучанский Алюминиевый Завод";;экспедиторская
48;TKRU3067342;22G1;DC 20;DC;29876.000;27716.000;2160.000;30480.000;;КЛЕЩ-60СЦ5РЖДН5789177;STQNVS78761;;09.07.2026;АНОДНЫЕ БЛОКИ;GOLDTEX CONSULTANTS LIMITED 2305,UNIVERSAL TRADE CENTRE,3 ARBUTHNOTROAD,CENTRAL,HONG KONG.;;16.07.2026;2026/Q2511N/Q2512S/STQNVS78761;;;16.07.2026 10:49;Q2511N/Q2512S ДЖИ КСИНГ 89;JI XING 89;Республика Гвинея-Бисау;Q2511N;РИЖАО(CNRZH);CHN;СМАРТ ООО;СМАРТ ООО;РУСАЛТРАНС ООО;ГТД;10720020/170726/5002517 10720020/170726/5002517;03.08.2026 01:47;Ж/Д;99205874;ЭЦ756270;0047595491;ПИХТОВАЯ (895506);Россия;;;Перемещение контейнера при креплении груза/стали/установке щита Заявка от 19.07.2026 Крепление груза в контейнере согласно действующей схемы крепления Заявка от 17.07.2026 Выполнено 22.07.2026 10:04;Перемещение контейнера при креплении груза/стали/установке щита Заявка от 19.07.2026;Крепление груза в контейнере согласно действующей схемы крепления Заявка от 17.07.2026 Выполнено 22.07.2026 10:04;RLS54515;15.07.2026 17:42;22.07.2026 10:33;17.07.2026 12:41;;Акционерное общество "Богучанский Алюминиевый Завод";;экспедиторская
49;TKRU3170160;22G1;DC 20;DC;29836.000;27756.000;2080.000;30480.000;;КЛЕЩ-60СЦ5РЖДН5789103;STQNVS78760;;09.07.2026;АНОДНЫЕ БЛОКИ;GOLDTEX CONSULTANTS LIMITED 2305,UNIVERSAL TRADE CENTRE,3 ARBUTHNOTROAD,CENTRAL,HONG KONG.;;16.07.2026;2026/Q2511N/Q2512S/STQNVS78760;;;16.07.2026 10:50;Q2511N/Q2512S ДЖИ КСИНГ 89;JI XING 89;Республика Гвинея-Бисау;Q2511N;РИЖАО(CNRZH);CHN;СМАРТ ООО;СМАРТ ООО;РУСАЛТРАНС ООО;ГТД;10620010/140726/5123057 10620010/140726/5123057;01.08.2026 00:07;Ж/Д;98150865;ЭЦ756889;0047584604;КАМЫШТА (887603);Россия;;;Перемещение контейнера при креплении груза/стали/установке щита Заявка от 20.07.2026 Крепление груза в контейнере согласно действующей схемы крепления Заявка от 16.07.2026 Выполнено 20.07.2026 19:12;Перемещение контейнера при креплении груза/стали/установке щита Заявка от 20.07.2026;Крепление груза в контейнере согласно действующей схемы крепления Заявка от 16.07.2026 Выполнено 20.07.2026 19:12;RLS54488;15.07.2026 17:37;22.07.2026 10:33;16.07.2026 11:38;;Акционерное общество "РУСАЛ Саяногорский Алюминиевый Завод";;экспедиторская
50;TKRU3034797;22G1;DC 20;DC;29916.000;27756.000;2160.000;30480.000;;КЛЕЩ-60СЦ5РЖДН5789102;STQNVS78760;;09.07.2026;АНОДНЫЕ БЛОКИ;GOLDTEX CONSULTANTS LIMITED 2305,UNIVERSAL TRADE CENTRE,3 ARBUTHNOTROAD,CENTRAL,HONG KONG.;;16.07.2026;2026/Q2511N/Q2512S/STQNVS78760;;;16.07.2026 10:54;Q2511N/Q2512S ДЖИ КСИНГ 89;JI XING 89;Республика Гвинея-Бисау;Q2511N;РИЖАО(CNRZH);CHN;СМАРТ ООО;СМАРТ ООО;РУСАЛТРАНС ООО;ГТД;10620010/140726/5123057 10620010/140726/5123057;01.08.2026 00:07;Ж/Д;91742858;ЭЦ756937;0047584604;КАМЫШТА (887603);Россия;;;Перемещение контейнера при креплении груза/стали/установке щита Заявка от 20.07.2026 Крепление груза в контейнере согласно действующей схемы крепления Заявка от 16.07.2026 Выполнено 20.07.2026 19:12;Перемещение контейнера при креплении груза/стали/установке щита Заявка от 20.07.2026;Крепление груза в контейнере согласно действующей схемы крепления Заявка от 16.07.2026 Выполнено 20.07.2026 19:12;RLS54480;15.07.2026 17:35;22.07.2026 10:33;16.07.2026 11:38;;Акционерное общество "РУСАЛ Саяногорский Алюминиевый Завод";;экспедиторская
51;TKRU3184673;22G1;DC 20;DC;29796.000;27716.000;2080.000;30480.000;;КЛЕЩ-60СЦ 5РЖДH5789053;STQNVS78761;;09.07.2026;АНОДНЫЕ БЛОКИ;GOLDTEX CONSULTANTS LIMITED 2305,UNIVERSAL TRADE CENTRE,3 ARBUTHNOTROAD,CENTRAL,HONG KONG.;;16.07.2026;2026/Q2511N/Q2512S/STQNVS78761;;;16.07.2026 10:58;Q2511N/Q2512S ДЖИ КСИНГ 89;JI XING 89;Республика Гвинея-Бисау;Q2511N;РИЖАО(CNRZH);CHN;СМАРТ ООО;СМАРТ ООО;РУСАЛТРАНС ООО;ГТД;10720020/170726/5002517 10720020/170726/5002517;03.08.2026 01:47;Ж/Д;54274741;ЭЦ756153;0047595491;ПИХТОВАЯ (895506);Россия;;;Перемещение контейнера при креплении груза/стали/установке щита Заявка от 21.07.2026 Крепление груза в контейнере согласно действующей схемы крепления Заявка от 17.07.2026 Выполнено 22.07.2026 10:04;Перемещение контейнера при креплении груза/стали/установке щита Заявка от 21.07.2026;Крепление груза в контейнере согласно действующей схемы крепления Заявка от 17.07.2026 Выполнено 22.07.2026 10:04;RLS54520;15.07.2026 17:43;22.07.2026 10:33;17.07.2026 12:41;;Акционерное общество "Богучанский Алюминиевый Завод";;экспедиторская
52;TKRU3198846;22G1;DC 20;DC;29796.000;27716.000;2080.000;30480.000;;КЛЕЩ-60СЦ 5РЖД H5789069;STQNVS78761;;09.07.2026;АНОДНЫЕ БЛОКИ;GOLDTEX CONSULTANTS LIMITED 2305,UNIVERSAL TRADE CENTRE,3 ARBUTHNOTROAD,CENTRAL,HONG KONG.;;16.07.2026;2026/Q2511N/Q2512S/STQNVS78761;;;16.07.2026 11:02;Q2511N/Q2512S ДЖИ КСИНГ 89;JI XING 89;Республика Гвинея-Бисау;Q2511N;РИЖАО(CNRZH);CHN;СМАРТ ООО;СМАРТ ООО;РУСАЛТРАНС ООО;ГТД;10720020/170726/5002517 10720020/170726/5002517;03.08.2026 01:47;Ж/Д;98579022;ЭЦ756194;0047595491;ПИХТОВАЯ (895506);Россия;;;Перемещение контейнера при креплении груза/стали/установке щита Заявка от 21.07.2026 Крепление груза в контейнере согласно действующей схемы крепления Заявка от 17.07.2026 Выполнено 22.07.2026 10:04;Перемещение контейнера при креплении груза/стали/установке щита Заявка от 21.07.2026;Крепление груза в контейнере согласно действующей схемы крепления Заявка от 17.07.2026 Выполнено 22.07.2026 10:04;RLS54523;15.07.2026 17:43;22.07.2026 10:33;17.07.2026 12:41;;Акционерное общество "Богучанский Алюминиевый Завод";;экспедиторская
53;TKRU3267280;22G1;DC 20;DC;29836.000;27756.000;2080.000;30480.000;;КЛЕЩ-60СЦ5РЖДН5789111;STQNVS78762;;09.07.2026;АНОДНЫЕ БЛОКИ;GOLDTEX CONSULTANTS LIMITED 2305,UNIVERSAL TRADE CENTRE,3 ARBUTHNOTROAD,CENTRAL,HONG KONG.;;16.07.2026;2026/Q2511N/Q2512S/STQNVS78762;;;16.07.2026 11:08;Q2511N/Q2512S ДЖИ КСИНГ 89;JI XING 89;Республика Гвинея-Бисау;Q2511N;РИЖАО(CNRZH);CHN;СМАРТ ООО;СМАРТ ООО;РУСАЛТРАНС ООО;ГТД;10620010/140726/5123028 10620010/140726/5123028;01.08.2026 00:07;Ж/Д;98157787;ЭЦ756480;0047595440;КАМЫШТА (887603);Россия;;;Перемещение контейнера при креплении груза/стали/установке щита Заявка от 20.07.2026 Крепление груза в контейнере согласно действующей схемы крепления Заявка от 17.07.2026 Выполнено 23.07.2026 11:42;Перемещение контейнера при креплении груза/стали/установке щита Заявка от 20.07.2026;Крепление груза в контейнере согласно действующей схемы крепления Заявка от 17.07.2026 Выполнено 23.07.2026 11:42;RLS54566;15.07.2026 17:50;22.07.2026 10:33;16.07.2026 19:01;;Акционерное общество "РУСАЛ Саяногорский Алюминиевый Завод";;экспедиторская
54;TKRU3244540;22G1;DC 20;DC;29836.000;27756.000;2080.000;30480.000;;КЛЕЩ-60СЦ5РЖДН5795303;STQNVS78762;;09.07.2026;АНОДНЫЕ БЛОКИ;GOLDTEX CONSULTANTS LIMITED 2305,UNIVERSAL TRADE CENTRE,3 ARBUTHNOTROAD,CENTRAL,HONG KONG.;;16.07.2026;2026/Q2511N/Q2512S/STQNVS78762;;;16.07.2026 11:11;Q2511N/Q2512S ДЖИ КСИНГ 89;JI XING 89;Республика Гвинея-Бисау;Q2511N;РИЖАО(CNRZH);CHN;СМАРТ ООО;СМАРТ ООО;РУСАЛТРАНС ООО;ГТД;10620010/140726/5123028 10620010/140726/5123028;04.08.2026 00:20;Ж/Д;95499091;ЭЦ756331;0047595440;КАМЫШТА (887603);Россия;;;Перемещение контейнера при креплении груза/стали/установке щита Заявка от 20.07.2026 Крепление груза в контейнере согласно действующей схемы крепления Заявка от 17.07.2026 Выполнено 23.07.2026 11:42;Перемещение контейнера при креплении груза/стали/установке щита Заявка от 20.07.2026;Крепление груза в контейнере согласно действующей схемы крепления Заявка от 17.07.2026 Выполнено 23.07.2026 11:42;RLS54562;15.07.2026 17:49;22.07.2026 10:33;16.07.2026 19:01;;Акционерное общество "РУСАЛ Саяногорский Алюминиевый Завод";;экспедиторская
55;TKRU3210005;22G1;DC 20;DC;29836.000;27756.000;2080.000;30480.000;;КЛЕЩ-60СЦ5РЖДН5795307;STQNVS78760;;09.07.2026;АНОДНЫЕ БЛОКИ;GOLDTEX CONSULTANTS LIMITED 2305,UNIVERSAL TRADE CENTRE,3 ARBUTHNOTROAD,CENTRAL,HONG KONG.;;16.07.2026;2026/Q2511N/Q2512S/STQNVS78760;;;16.07.2026 11:12;Q2511N/Q2512S ДЖИ КСИНГ 89;JI XING 89;Республика Гвинея-Бисау;Q2511N;РИЖАО(CNRZH);CHN;СМАРТ ООО;СМАРТ ООО;РУСАЛТРАНС ООО;ГТД;10620010/140726/5123057 10620010/140726/5123057;03.08.2026 01:47;Ж/Д;98142508;ЭЦ756869;0047584604;КАМЫШТА (887603);Россия;;;Перемещение контейнера при креплении груза/стали/установке щита Заявка от 20.07.2026 Крепление груза в контейнере согласно действующей схемы крепления Заявка от 16.07.2026 Выполнено 20.07.2026 19:12;Перемещение контейнера при креплении груза/стали/установке щита Заявка от 20.07.2026;Крепление груза в контейнере согласно действующей схемы крепления Заявка от 16.07.2026 Выполнено 20.07.2026 19:12;RLS54493;15.07.2026 17:38;22.07.2026 10:33;16.07.2026 11:38;;Акционерное общество "РУСАЛ Саяногорский Алюминиевый Завод";;экспедиторская
56;TKRU3140361;22G1;DC 20;DC;29796.000;27716.000;2080.000;30480.000;;КЛЕЩ-60СЦ5РЖДН5789124;STQNVS78761;;09.07.2026;АНОДНЫЕ БЛОКИ;GOLDTEX CONSULTANTS LIMITED 2305,UNIVERSAL TRADE CENTRE,3 ARBUTHNOTROAD,CENTRAL,HONG KONG.;;16.07.2026;2026/Q2511N/Q2512S/STQNVS78761;;;16.07.2026 11:15;Q2511N/Q2512S ДЖИ КСИНГ 89;JI XING 89;Республика Гвинея-Бисау;Q2511N;РИЖАО(CNRZH);CHN;СМАРТ ООО;СМАРТ ООО;РУСАЛТРАНС ООО;ГТД;10720020/170726/5002517 10720020/170726/5002517;03.08.2026 01:47;Ж/Д;94953148;ЭЦ756840;0047595491;ПИХТОВАЯ (895506);Россия;;;Перемещение контейнера при креплении груза/стали/установке щита Заявка от 20.07.2026 Крепление груза в контейнере согласно действующей схемы крепления Заявка от 17.07.2026 Выполнено 22.07.2026 10:04;Перемещение контейнера при креплении груза/стали/установке щита Заявка от 20.07.2026;Крепление груза в контейнере согласно действующей схемы крепления Заявка от 17.07.2026 Выполнено 22.07.2026 10:04;RLS54518;15.07.2026 17:42;22.07.2026 10:33;17.07.2026 12:41;;Акционерное общество "Богучанский Алюминиевый Завод";;экспедиторская
57;TKRU3422684;22G1;DC 20;DC;29836.000;27756.000;2080.000;30480.000;;КЛЕЩ-60СЦ5РЖДН5795328;STQNVS78760;;09.07.2026;АНОДНЫЕ БЛОКИ;GOLDTEX CONSULTANTS LIMITED 2305,UNIVERSAL TRADE CENTRE,3 ARBUTHNOTROAD,CENTRAL,HONG KONG.;;16.07.2026;2026/Q2511N/Q2512S/STQNVS78760;;;16.07.2026 11:17;Q2511N/Q2512S ДЖИ КСИНГ 89;JI XING 89;Республика Гвинея-Бисау;Q2511N;РИЖАО(CNRZH);CHN;СМАРТ ООО;СМАРТ ООО;РУСАЛТРАНС ООО;ГТД;10620010/140726/5123057 10620010/140726/5123057;01.08.2026 00:07;Ж/Д;95912895;ЭЦ756858;0047595440;КАМЫШТА (887603);Россия;;;Перемещение контейнера при креплении груза/стали/установке щита Заявка от 20.07.2026 Крепление груза в контейнере согласно действующей схемы крепления Заявка от 16.07.2026 Выполнено 20.07.2026 19:12;Перемещение контейнера при креплении груза/стали/установке щита Заявка от 20.07.2026;Крепление груза в контейнере согласно действующей схемы крепления Заявка от 16.07.2026 Выполнено 20.07.2026 19:12;RLS54499;15.07.2026 17:38;22.07.2026 10:02;16.07.2026 11:38;;Акционерное общество "РУСАЛ Саяногорский Алюминиевый Завод";;экспедиторская
58;TKRU3012062;22G1;DC 20;DC;29976.000;27756.000;2220.000;30480.000;;КЛЕЩ-60СЦ5РЖДН5795302;STQNVS78762;;09.07.2026;АНОДНЫЕ БЛОКИ;GOLDTEX CONSULTANTS LIMITED 2305,UNIVERSAL TRADE CENTRE,3 ARBUTHNOTROAD,CENTRAL,HONG KONG.;;16.07.2026;2026/Q2511N/Q2512S/STQNVS78762;;;16.07.2026 11:24;Q2511N/Q2512S ДЖИ КСИНГ 89;JI XING 89;Республика Гвинея-Бисау;Q2511N;РИЖАО(CNRZH);CHN;СМАРТ ООО;СМАРТ ООО;РУСАЛТРАНС ООО;ГТД;10620010/140726/5123028 10620010/140726/5123028;03.08.2026 01:47;Ж/Д;91984310;ЭЦ756280;0047595440;КАМЫШТА (887603);Россия;;;Перемещение контейнера при креплении груза/стали/установке щита Заявка от 20.07.2026 Крепление груза в контейнере согласно действующей схемы крепления Заявка от 17.07.2026 Выполнено 23.07.2026 11:42;Перемещение контейнера при креплении груза/стали/установке щита Заявка от 20.07.2026;Крепление груза в контейнере согласно действующей схемы крепления Заявка от 17.07.2026 Выполнено 23.07.2026 11:42;RLS54549;15.07.2026 17:46;22.07.2026 10:33;16.07.2026 19:01;;Акционерное общество "РУСАЛ Саяногорский Алюминиевый Завод";;экспедиторская
59;TKRU3479334;22G1;DC 20;DC;30056.000;27756.000;2300.000;30480.000;;КЛЕЩ-60СЦ5РЖДН5789115;STQNVS78762;;09.07.2026;АНОДНЫЕ БЛОКИ;GOLDTEX CONSULTANTS LIMITED 2305,UNIVERSAL TRADE CENTRE,3 ARBUTHNOTROAD,CENTRAL,HONG KONG.;;16.07.2026;2026/Q2511N/Q2512S/STQNVS78762;;;16.07.2026 11:26;Q2511N/Q2512S ДЖИ КСИНГ 89;JI XING 89;Республика Гвинея-Бисау;Q2511N;РИЖАО(CNRZH);CHN;СМАРТ ООО;СМАРТ ООО;РУСАЛТРАНС ООО;ГТД;10620010/140726/5123028 10620010/140726/5123028;03.08.2026 01:47;Ж/Д;94954054;ЭЦ756789;0047595440;КАМЫШТА (887603);Россия;;;Перемещение контейнера при креплении груза/стали/установке щита Заявка от 20.07.2026 Крепление груза в контейнере согласно действующей схемы крепления Заявка от 17.07.2026 Выполнено 23.07.2026 11:42;Перемещение контейнера при креплении груза/стали/установке щита Заявка от 20.07.2026;Крепление груза в контейнере согласно действующей схемы крепления Заявка от 17.07.2026 Выполнено 23.07.2026 11:42;RLS54580;15.07.2026 17:51;22.07.2026 10:33;16.07.2026 19:01;;Акционерное общество "РУСАЛ Саяногорский Алюминиевый Завод";;экспедиторская
60;TKRU3373194;22G1;DC 20;DC;29796.000;27716.000;2080.000;30480.000;;КЛЕЩ-60СЦ5РЖДН5788158;STQNVS78761;;09.07.2026;АНОДНЫЕ БЛОКИ;GOLDTEX CONSULTANTS LIMITED 2305,UNIVERSAL TRADE CENTRE,3 ARBUTHNOTROAD,CENTRAL,HONG KONG.;;16.07.2026;2026/Q2511N/Q2512S/STQNVS78761;O4;O4;;16.07.2026 11:31;Q2511N/Q2512S ДЖИ КСИНГ 89;JI XING 89;Республика Гвинея-Бисау;Q2511N;РИЖАО(CNRZH);CHN;СМАРТ ООО;СМАРТ ООО;РУСАЛТРАНС ООО;ГТД;10720020/170726/5002517 10720020/170726/5002517;04.08.2026 00:20;Ж/Д;98140601;ЭЦ815449;0047598703;ПИХТОВАЯ (895506);Россия;;;Перемещение контейнера при креплении груза/стали/установке щита Заявка от 22.07.2026 Крепление груза в контейнере согласно действующей схемы крепления Заявка от 17.07.2026 Выполнено 22.07.2026 10:04;Перемещение контейнера при креплении груза/стали/установке щита Заявка от 22.07.2026;Крепление груза в контейнере согласно действующей схемы крепления Заявка от 17.07.2026 Выполнено 22.07.2026 10:04;RLS54532;15.07.2026 17:44;23.07.2026 09:01;17.07.2026 12:41;;Акционерное общество "Богучанский Алюминиевый Завод";;экспедиторская
61;TKRU3266508;22G1;DC 20;DC;29836.000;27756.000;2080.000;30480.000;;КЛЕЩ-60СЦ5РЖДН5789198;STQNVS78762;;09.07.2026;АНОДНЫЕ БЛОКИ;GOLDTEX CONSULTANTS LIMITED 2305,UNIVERSAL TRADE CENTRE,3 ARBUTHNOTROAD,CENTRAL,HONG KONG.;;16.07.2026;2026/Q2511N/Q2512S/STQNVS78762;;;16.07.2026 19:01;Q2511N/Q2512S ДЖИ КСИНГ 89;JI XING 89;Республика Гвинея-Бисау;Q2511N;РИЖАО(CNRZH);CHN;СМАРТ ООО;СМАРТ ООО;РУСАЛТРАНС ООО;ГТД;10620010/140726/5123028 10620010/140726/5123028;03.08.2026 01:47;Ж/Д;91646893;ЭЦ755886;0047595440;КАМЫШТА (887603);Россия;;;Перемещение контейнера при креплении груза/стали/установке щита Заявка от 19.07.2026 Крепление груза в контейнере согласно действующей схемы крепления Заявка от 17.07.2026 Выполнено 23.07.2026 11:42;Перемещение контейнера при креплении груза/стали/установке щита Заявка от 19.07.2026;Крепление груза в контейнере согласно действующей схемы крепления Заявка от 17.07.2026 Выполнено 23.07.2026 11:42;RLS54565;15.07.2026 17:49;22.07.2026 10:33;16.07.2026 19:01;;Акционерное общество "РУСАЛ Саяногорский Алюминиевый Завод";;экспедиторская
62;TKRU3153749;22G1;DC 20;DC;29796.000;27716.000;2080.000;30480.000;;КЛЕЩ-60СЦ5РЖДН5789194;STQNVS78761;;09.07.2026;АНОДНЫЕ БЛОКИ;GOLDTEX CONSULTANTS LIMITED 2305,UNIVERSAL TRADE CENTRE,3 ARBUTHNOTROAD,CENTRAL,HONG KONG.;;16.07.2026;2026/Q2511N/Q2512S/STQNVS78761;;;16.07.2026 19:13;Q2511N/Q2512S ДЖИ КСИНГ 89;JI XING 89;Республика Гвинея-Бисау;Q2511N;РИЖАО(CNRZH);CHN;СМАРТ ООО;СМАРТ ООО;РУСАЛТРАНС ООО;ГТД;10720020/170726/5002517 10720020/170726/5002517;03.08.2026 01:47;Ж/Д;98132418;ЭЦ756288;0047595491;ПИХТОВАЯ (895506);Россия;;;Перемещение контейнера при креплении груза/стали/установке щита Заявка от 19.07.2026 Крепление груза в контейнере согласно действующей схемы крепления Заявка от 17.07.2026 Выполнено 22.07.2026 10:04;Перемещение контейнера при креплении груза/стали/установке щита Заявка от 19.07.2026;Крепление груза в контейнере согласно действующей схемы крепления Заявка от 17.07.2026 Выполнено 22.07.2026 10:04;RLS54519;15.07.2026 17:42;22.07.2026 10:33;17.07.2026 12:41;;Акционерное общество "Богучанский Алюминиевый Завод";;экспедиторская
63;TKRU3023513;22G1;DC 20;DC;30016.000;27716.000;2300.000;30480.000;;КЛЕЩ-60СЦ5РЖДН5795324;STQNVS78761;;09.07.2026;АНОДНЫЕ БЛОКИ;GOLDTEX CONSULTANTS LIMITED 2305,UNIVERSAL TRADE CENTRE,3 ARBUTHNOTROAD,CENTRAL,HONG KONG.;;16.07.2026;2026/Q2511N/Q2512S/STQNVS78761;;;16.07.2026 19:30;Q2511N/Q2512S ДЖИ КСИНГ 89;JI XING 89;Республика Гвинея-Бисау;Q2511N;РИЖАО(CNRZH);CHN;СМАРТ ООО;СМАРТ ООО;РУСАЛТРАНС ООО;ГТД;10720020/170726/5002517 10720020/170726/5002517;03.08.2026 01:47;Ж/Д;91981167;ЭЦ756819;0047595491;ПИХТОВАЯ (895506);Россия;;;Перемещение контейнера при креплении груза/стали/установке щита Заявка от 20.07.2026 Крепление груза в контейнере согласно действующей схемы крепления Заявка от 17.07.2026 Выполнено 22.07.2026 10:04;Перемещение контейнера при креплении груза/стали/установке щита Заявка от 20.07.2026;Крепление груза в контейнере согласно действующей схемы крепления Заявка от 17.07.2026 Выполнено 22.07.2026 10:04;RLS54511;15.07.2026 17:40;22.07.2026 10:33;17.07.2026 12:41;;Акционерное общество "Богучанский Алюминиевый Завод";;экспедиторская
64;TKRU3015267;22G1;DC 20;DC;29916.000;27756.000;2160.000;30480.000;;КЛЕЩ-60СЦ5РЖДН5789132;;;;;;;16.07.2026;91715977;;;23.07.2026 08:14;Склад;;;;;;РУСАЛТРАНС ООО;;РУСАЛТРАНС ООО;ГТД;10620010/140726/5123057;05.08.2026 06:02;Ж/Д;94406519;ЭЦ839531;0047607999;КАМЫШТА (887603);Россия;;;Крепление груза в контейнере согласно действующей схемы крепления Заявка от 23.07.2026 Выполнено 23.07.2026 15:43;Крепление груза в контейнере согласно действующей схемы крепления Заявка от 23.07.2026 Выполнено 23.07.2026 15:43;1173649;23.07.2026 08:14;23.07.2026 18:32;23.07.2026 08:14;;Акционерное общество "РУСАЛ Саяногорский Алюминиевый Завод";;экспедиторская
65;TKRU3364850;22G1;DC 20;DC;29796.000;27716.000;2080.000;30480.000;;КЛЕЩ-60СЦ5РЖДН5789375;;;;;;;16.07.2026;91727808;;;23.07.2026 17:46;Склад;;;;;;РУСАЛТРАНС ООО;;РУСАЛТРАНС ООО;ГТД;10720020/170726/5002517;10.08.2026 06:05;Ж/Д;94354636;ЭЦ985333;0047623493;ПИХТОВАЯ (895506);Россия;;;Крепление груза в контейнере согласно действующей схемы крепления Заявка от 23.07.2026 Выполнено 25.07.2026 14:55;Крепление груза в контейнере согласно действующей схемы крепления Заявка от 23.07.2026 Выполнено 25.07.2026 14:55;1173679;23.07.2026 17:46;26.07.2026 09:32;23.07.2026 17:46;;Акционерное общество "Богучанский Алюминиевый Завод";;экспедиторская
66;TKRU3392574;22G1;DC 20;DC;29796.000;27716.000;2080.000;30480.000;;КЛЕЩ-60СЦ5РЖДН7487681;STQNVS80370;;26.07.2026;АНОДНЫЕ БЛОКИ;GOLDTEX CONSULTANTS LIMITED 2305,UNIVERSAL TRADE CENTRE,3 ARBUTHNOTROAD,CENTRAL,HONG KONG.;;30.07.2026;2026/Q2512N/Q2513S/STQNVS80370;;;30.07.2026 23:01;Q2512N/Q2513S ДЖИ КСИНГ 89;JI XING 89;Республика Гвинея-Бисау;Q2512N;РИЖАО(CNRZH);CHN;СМАРТ ООО;СМАРТ ООО;РУСАЛТРАНС ООО;ГТД;10620010/030826/5138747 10620010/030826/5138747;13.08.2026 06:33;Ж/Д;94202876;ЭЧ659152;0047697015;ПИХТОВАЯ (895506);Россия;;;Перемещение контейнера при креплении груза/стали/установке щита Заявка от 06.08.2026 Крепление груза в контейнере согласно действующей схемы крепления Заявка от 04.08.2026 Выполнено 07.08.2026 12:59;Перемещение контейнера при креплении груза/стали/установке щита Заявка от 06.08.2026;Крепление груза в контейнере согласно действующей схемы крепления Заявка от 04.08.2026 Выполнено 07.08.2026 12:59;RLS58813;06.08.2026 13:30;07.08.2026 17:03;03.08.2026 13:03;;Акционерное общество "Богучанский Алюминиевый Завод";;экспедиторская
67;TKRU3370451;22G1;DC 20;DC;29796.000;27716.000;2080.000;30480.000;;КЛЕЩ-60СЦ5РЖДН7487678;STQNVS80370;;26.07.2026;АНОДНЫЕ БЛОКИ;GOLDTEX CONSULTANTS LIMITED 2305,UNIVERSAL TRADE CENTRE,3 ARBUTHNOTROAD,CENTRAL,HONG KONG.;;30.07.2026;2026/Q2512N/Q2513S/STQNVS80370;;;30.07.2026 23:16;Q2512N/Q2513S ДЖИ КСИНГ 89;JI XING 89;Республика Гвинея-Бисау;Q2512N;РИЖАО(CNRZH);CHN;СМАРТ ООО;СМАРТ ООО;РУСАЛТРАНС ООО;ГТД;10620010/030826/5138747 10620010/030826/5138747;13.08.2026 22:43;Ж/Д;98020720;ЭЧ658941;0047697015;ПИХТОВАЯ (895506);Россия;;;Перемещение контейнера при креплении груза/стали/установке щита Заявка от 06.08.2026 Крепление груза в контейнере согласно действующей схемы крепления Заявка от 04.08.2026 Выполнено 07.08.2026 12:59;Перемещение контейнера при креплении груза/стали/установке щита Заявка от 06.08.2026;Крепление груза в контейнере согласно действующей схемы крепления Заявка от 04.08.2026 Выполнено 07.08.2026 12:59;RLS58809;06.08.2026 13:29;07.08.2026 17:03;03.08.2026 13:03;;Акционерное общество "Богучанский Алюминиевый Завод";;экспедиторская
68;TKRU3491026;22G1;DC 20;DC;29896.000;27716.000;2180.000;32500.000;;КЛЕЩ-60СЦ5РЖДН7487694;STQNVS80370;;26.07.2026;АНОДНЫЕ БЛОКИ;GOLDTEX CONSULTANTS LIMITED 2305,UNIVERSAL TRADE CENTRE,3 ARBUTHNOTROAD,CENTRAL,HONG KONG.;;30.07.2026;2026/Q2512N/Q2513S/STQNVS80370;;;30.07.2026 23:27;Q2512N/Q2513S ДЖИ КСИНГ 89;JI XING 89;Республика Гвинея-Бисау;Q2512N;РИЖАО(CNRZH);CHN;СМАРТ ООО;СМАРТ ООО;РУСАЛТРАНС ООО;ГТД;10620010/030826/5138747 10620010/030826/5138747;11.08.2026 03:30;Ж/Д;98197692;ЭЧ659650;0047697015;ПИХТОВАЯ (895506);Россия;;;Перемещение контейнера при креплении груза/стали/установке щита Заявка от 06.08.2026 Крепление груза в контейнере согласно действующей схемы крепления Заявка от 04.08.2026 Выполнено 07.08.2026 12:59;Перемещение контейнера при креплении груза/стали/установке щита Заявка от 06.08.2026;Крепление груза в контейнере согласно действующей схемы крепления Заявка от 04.08.2026 Выполнено 07.08.2026 12:59;RLS58821;06.08.2026 13:30;07.08.2026 17:03;03.08.2026 13:03;;Акционерное общество "Богучанский Алюминиевый Завод";;экспедиторская
69;TKRU3421899;22G1;DC 20;DC;29796.000;27716.000;2080.000;30480.000;;КЛЕЩ-60СЦ5РЖДН7487670;STQNVS80370;;26.07.2026;АНОДНЫЕ БЛОКИ;GOLDTEX CONSULTANTS LIMITED 2305,UNIVERSAL TRADE CENTRE,3 ARBUTHNOTROAD,CENTRAL,HONG KONG.;;30.07.2026;2026/Q2512N/Q2513S/STQNVS80370;;;30.07.2026 23:36;Q2512N/Q2513S ДЖИ КСИНГ 89;JI XING 89;Республика Гвинея-Бисау;Q2512N;РИЖАО(CNRZH);CHN;СМАРТ ООО;СМАРТ ООО;РУСАЛТРАНС ООО;ГТД;10620010/030826/5138747 10620010/030826/5138747;13.08.2026 06:33;Ж/Д;94293172;ЭЧ659429;0047697015;ПИХТОВАЯ (895506);Россия;;;Перемещение контейнера при креплении груза/стали/установке щита Заявка от 06.08.2026 Крепление груза в контейнере согласно действующей схемы крепления Заявка от 04.08.2026 Выполнено 07.08.2026 12:59;Перемещение контейнера при креплении груза/стали/установке щита Заявка от 06.08.2026;Крепление груза в контейнере согласно действующей схемы крепления Заявка от 04.08.2026 Выполнено 07.08.2026 12:59;RLS58817;06.08.2026 13:30;07.08.2026 17:03;03.08.2026 13:03;;Акционерное общество "Богучанский Алюминиевый Завод";;экспедиторская
70;TKRU3459831;22G1;DC 20;DC;29796.000;27716.000;2080.000;30480.000;;КЛЕЩ-60СЦ5РЖДН7487654;STQNVS80370;;26.07.2026;АНОДНЫЕ БЛОКИ;GOLDTEX CONSULTANTS LIMITED 2305,UNIVERSAL TRADE CENTRE,3 ARBUTHNOTROAD,CENTRAL,HONG KONG.;;31.07.2026;2026/Q2512N/Q2513S/STQNVS80370;;;31.07.2026 01:07;Q2512N/Q2513S ДЖИ КСИНГ 89;JI XING 89;Республика Гвинея-Бисау;Q2512N;РИЖАО(CNRZH);CHN;СМАРТ ООО;СМАРТ ООО;РУСАЛТРАНС ООО;ГТД;10620010/030826/5138747 10620010/030826/5138747;11.08.2026 03:30;Ж/Д;98197692;ЭЧ659523;0047697015;ПИХТОВАЯ (895506);Россия;;;Перемещение контейнера при креплении груза/стали/установке щита Заявка от 06.08.2026 Крепление груза в контейнере согласно действующей схемы крепления Заявка от 04.08.2026 Выполнено 07.08.2026 12:59;Перемещение контейнера при креплении груза/стали/установке щита Заявка от 06.08.2026;Крепление груза в контейнере согласно действующей схемы крепления Заявка от 04.08.2026 Выполнено 07.08.2026 12:59;RLS58819;06.08.2026 13:30;07.08.2026 17:03;03.08.2026 13:03;;Акционерное общество "Богучанский Алюминиевый Завод";;экспедиторская
71;TKRU3126635;22G1;DC 20;DC;29876.000;27716.000;2160.000;30480.000;;КЛЕЩ-60СЦ5РЖДН7487677;STQNVS80370;;26.07.2026;АНОДНЫЕ БЛОКИ;GOLDTEX CONSULTANTS LIMITED 2305,UNIVERSAL TRADE CENTRE,3 ARBUTHNOTROAD,CENTRAL,HONG KONG.;;31.07.2026;2026/Q2512N/Q2513S/STQNVS80370;;;31.07.2026 01:30;Q2512N/Q2513S ДЖИ КСИНГ 89;JI XING 89;Республика Гвинея-Бисау;Q2512N;РИЖАО(CNRZH);CHN;СМАРТ ООО;СМАРТ ООО;РУСАЛТРАНС ООО;ГТД;10620010/030826/5138747 10620010/030826/5138747;12.08.2026 06:58;Ж/Д;98568322;ЭЧ659807;0047697015;ПИХТОВАЯ (895506);Россия;;;Перемещение контейнера при креплении груза/стали/установке щита Заявка от 07.08.2026 Крепление груза в контейнере согласно действующей схемы крепления Заявка от 04.08.2026 Выполнено 07.08.2026 12:59;Перемещение контейнера при креплении груза/стали/установке щита Заявка от 07.08.2026;Крепление груза в контейнере согласно действующей схемы крепления Заявка от 04.08.2026 Выполнено 07.08.2026 12:59;RLS58794;06.08.2026 13:28;07.08.2026 17:03;03.08.2026 13:03;;Акционерное общество "Богучанский Алюминиевый Завод";;экспедиторская
72;TKRU3131375;22G1;DC 20;DC;29876.000;27716.000;2160.000;30480.000;;КЛЕЩ-60СЦ5РЖДН7487652;STQNVS80370;;26.07.2026;АНОДНЫЕ БЛОКИ;GOLDTEX CONSULTANTS LIMITED 2305,UNIVERSAL TRADE CENTRE,3 ARBUTHNOTROAD,CENTRAL,HONG KONG.;;31.07.2026;2026/Q2512N/Q2513S/STQNVS80370;;;31.07.2026 01:47;Q2512N/Q2513S ДЖИ КСИНГ 89;JI XING 89;Республика Гвинея-Бисау;Q2512N;РИЖАО(CNRZH);CHN;СМАРТ ООО;СМАРТ ООО;РУСАЛТРАНС ООО;ГТД;10620010/030826/5138747 10620010/030826/5138747;12.08.2026 06:58;Ж/Д;98571409;ЭЧ658444;0047697015;ПИХТОВАЯ (895506);Россия;;;Перемещение контейнера при креплении груза/стали/установке щита Заявка от 07.08.2026 Крепление груза в контейнере согласно действующей схемы крепления Заявка от 04.08.2026 Выполнено 07.08.2026 12:59;Перемещение контейнера при креплении груза/стали/установке щита Заявка от 07.08.2026;Крепление груза в контейнере согласно действующей схемы крепления Заявка от 04.08.2026 Выполнено 07.08.2026 12:59;RLS58796;06.08.2026 13:28;07.08.2026 17:03;03.08.2026 13:03;;Акционерное общество "Богучанский Алюминиевый Завод";;экспедиторская
73;TKRU3182773;22G1;DC 20;DC;29796.000;27716.000;2080.000;30480.000;;КЛЕЩ-60СЦ5РЖДН7487655;STQNVS80370;;26.07.2026;АНОДНЫЕ БЛОКИ;GOLDTEX CONSULTANTS LIMITED 2305,UNIVERSAL TRADE CENTRE,3 ARBUTHNOTROAD,CENTRAL,HONG KONG.;;31.07.2026;2026/Q2512N/Q2513S/STQNVS80370;;;31.07.2026 02:00;Q2512N/Q2513S ДЖИ КСИНГ 89;JI XING 89;Республика Гвинея-Бисау;Q2512N;РИЖАО(CNRZH);CHN;СМАРТ ООО;СМАРТ ООО;РУСАЛТРАНС ООО;ГТД;10620010/030826/5138747 10620010/030826/5138747;13.08.2026 18:42;Ж/Д;94262755;ЭЧ658677;0047697015;ПИХТОВАЯ (895506);Россия;;;Перемещение контейнера при креплении груза/стали/установке щита Заявка от 07.08.2026 Крепление груза в контейнере согласно действующей схемы крепления Заявка от 04.08.2026 Выполнено 07.08.2026 12:59;Перемещение контейнера при креплении груза/стали/установке щита Заявка от 07.08.2026;Крепление груза в контейнере согласно действующей схемы крепления Заявка от 04.08.2026 Выполнено 07.08.2026 12:59;RLS58803;06.08.2026 13:29;07.08.2026 17:03;03.08.2026 13:03;;Акционерное общество "Богучанский Алюминиевый Завод";;экспедиторская
74;TKRU3096438;22G1;DC 20;DC;29876.000;27716.000;2160.000;30480.000;;КЛЕЩ-60СЦ5РЖДН7487697;STQNVS80370;;26.07.2026;АНОДНЫЕ БЛОКИ;GOLDTEX CONSULTANTS LIMITED 2305,UNIVERSAL TRADE CENTRE,3 ARBUTHNOTROAD,CENTRAL,HONG KONG.;;31.07.2026;2026/Q2512N/Q2513S/STQNVS80370;;;31.07.2026 02:02;Q2512N/Q2513S ДЖИ КСИНГ 89;JI XING 89;Республика Гвинея-Бисау;Q2512N;РИЖАО(CNRZH);CHN;СМАРТ ООО;СМАРТ ООО;РУСАЛТРАНС ООО;ГТД;10620010/030826/5138747 10620010/030826/5138747;11.08.2026 03:30;Ж/Д;54554902;ЭЧ658206;0047697015;ПИХТОВАЯ (895506);Россия;;;Перемещение контейнера при креплении груза/стали/установке щита Заявка от 07.08.2026 Крепление груза в контейнере согласно действующей схемы крепления Заявка от 04.08.2026 Выполнено 07.08.2026 12:59;Перемещение контейнера при креплении груза/стали/установке щита Заявка от 07.08.2026;Крепление груза в контейнере согласно действующей схемы крепления Заявка от 04.08.2026 Выполнено 07.08.2026 12:59;RLS58789;06.08.2026 13:27;07.08.2026 17:03;03.08.2026 13:03;;Акционерное общество "Богучанский Алюминиевый Завод";;экспедиторская
75;TKRU3152845;22G1;DC 20;DC;29796.000;27716.000;2080.000;30480.000;;КЛЕЩ-60СЦ5РЖДН7487660;STQNVS80370;;26.07.2026;АНОДНЫЕ БЛОКИ;GOLDTEX CONSULTANTS LIMITED 2305,UNIVERSAL TRADE CENTRE,3 ARBUTHNOTROAD,CENTRAL,HONG KONG.;;31.07.2026;2026/Q2512N/Q2513S/STQNVS80370;;;31.07.2026 02:10;Q2512N/Q2513S ДЖИ КСИНГ 89;JI XING 89;Республика Гвинея-Бисау;Q2512N;РИЖАО(CNRZH);CHN;СМАРТ ООО;СМАРТ ООО;РУСАЛТРАНС ООО;ГТД;10620010/030826/5138747 10620010/030826/5138747;15.08.2026 23:17;Ж/Д;98026305;ЭЧ658551;0047697015;ПИХТОВАЯ (895506);Россия;;;Перемещение контейнера при креплении груза/стали/установке щита Заявка от 07.08.2026 Крепление груза в контейнере согласно действующей схемы крепления Заявка от 04.08.2026 Выполнено 07.08.2026 12:59;Перемещение контейнера при креплении груза/стали/установке щита Заявка от 07.08.2026;Крепление груза в контейнере согласно действующей схемы крепления Заявка от 04.08.2026 Выполнено 07.08.2026 12:59;RLS58799;06.08.2026 13:27;07.08.2026 17:03;03.08.2026 13:03;;Акционерное общество "Богучанский Алюминиевый Завод";;экспедиторская
76;TKRU3403154;22G1;DC 20;DC;29796.000;27716.000;2080.000;30480.000;;КЛЕЩ-60СЦ5РЖДН7487667;STQNVS80370;;26.07.2026;АНОДНЫЕ БЛОКИ;GOLDTEX CONSULTANTS LIMITED 2305,UNIVERSAL TRADE CENTRE,3 ARBUTHNOTROAD,CENTRAL,HONG KONG.;;31.07.2026;2026/Q2512N/Q2513S/STQNVS80370;;;31.07.2026 02:17;Q2512N/Q2513S ДЖИ КСИНГ 89;JI XING 89;Республика Гвинея-Бисау;Q2512N;РИЖАО(CNRZH);CHN;СМАРТ ООО;СМАРТ ООО;РУСАЛТРАНС ООО;ГТД;10620010/030826/5138747 10620010/030826/5138747;13.08.2026 06:33;Ж/Д;94202876;ЭЧ659300;0047697015;ПИХТОВАЯ (895506);Россия;;;Перемещение контейнера при креплении груза/стали/установке щита Заявка от 06.08.2026 Крепление груза в контейнере согласно действующей схемы крепления Заявка от 04.08.2026 Выполнено 07.08.2026 12:59;Перемещение контейнера при креплении груза/стали/установке щита Заявка от 06.08.2026;Крепление груза в контейнере согласно действующей схемы крепления Заявка от 04.08.2026 Выполнено 07.08.2026 12:59;RLS58814;06.08.2026 13:30;07.08.2026 17:03;03.08.2026 13:03;;Акционерное общество "Богучанский Алюминиевый Завод";;экспедиторская
77;TKRU3359560;22G1;DC 20;DC;29796.000;27716.000;2080.000;30480.000;;КЛЕЩ-60СЦ5РЖДН7487664;STQNVS80370;;26.07.2026;АНОДНЫЕ БЛОКИ;GOLDTEX CONSULTANTS LIMITED 2305,UNIVERSAL TRADE CENTRE,3 ARBUTHNOTROAD,CENTRAL,HONG KONG.;;31.07.2026;2026/Q2512N/Q2513S/STQNVS80370;;;31.07.2026 02:19;Q2512N/Q2513S ДЖИ КСИНГ 89;JI XING 89;Республика Гвинея-Бисау;Q2512N;РИЖАО(CNRZH);CHN;СМАРТ ООО;СМАРТ ООО;РУСАЛТРАНС ООО;ГТД;10620010/030826/5138747 10620010/030826/5138747;13.08.2026 22:43;Ж/Д;98020720;ЭЧ658902;0047697015;ПИХТОВАЯ (895506);Россия;;;Перемещение контейнера при креплении груза/стали/установке щита Заявка от 06.08.2026 Крепление груза в контейнере согласно действующей схемы крепления Заявка от 04.08.2026 Выполнено 07.08.2026 12:59;Перемещение контейнера при креплении груза/стали/установке щита Заявка от 06.08.2026;Крепление груза в контейнере согласно действующей схемы крепления Заявка от 04.08.2026 Выполнено 07.08.2026 12:59;RLS58808;06.08.2026 13:29;07.08.2026 17:03;03.08.2026 13:03;;Акционерное общество "Богучанский Алюминиевый Завод";;экспедиторская
78;TKRU3113540;22G1;DC 20;DC;29876.000;27716.000;2160.000;30480.000;;КЛЕЩ-60СЦ5РЖДН7487722;STQNVS80370;;26.07.2026;АНОДНЫЕ БЛОКИ;GOLDTEX CONSULTANTS LIMITED 2305,UNIVERSAL TRADE CENTRE,3 ARBUTHNOTROAD,CENTRAL,HONG KONG.;;31.07.2026;2026/Q2512N/Q2513S/STQNVS80370;;;31.07.2026 06:07;Q2512N/Q2513S ДЖИ КСИНГ 89;JI XING 89;Республика Гвинея-Бисау;Q2512N;РИЖАО(CNRZH);CHN;СМАРТ ООО;СМАРТ ООО;РУСАЛТРАНС ООО;ГТД;10620010/030826/5138747 10620010/030826/5138747;10.08.2026 06:05;Ж/Д;90965674;ЭЧ600114;0047690561;ПИХТОВАЯ (895506);Россия;;;Перемещение контейнера при креплении груза/стали/установке щита Заявка от 05.08.2026 Крепление груза в контейнере согласно действующей схемы крепления Заявка от 04.08.2026 Выполнено 07.08.2026 12:59;Перемещение контейнера при креплении груза/стали/установке щита Заявка от 05.08.2026;Крепление груза в контейнере согласно действующей схемы крепления Заявка от 04.08.2026 Выполнено 07.08.2026 12:59;RLS58792;06.08.2026 13:27;06.08.2026 17:03;03.08.2026 13:03;;Акционерное общество "Богучанский Алюминиевый Завод";;экспедиторская
79;TKRU3117206;22G1;DC 20;DC;29876.000;27716.000;2160.000;30480.000;;КЛЕЩ-60СЦ5РЖДН7487721;STQNVS80370;;26.07.2026;АНОДНЫЕ БЛОКИ;GOLDTEX CONSULTANTS LIMITED 2305,UNIVERSAL TRADE CENTRE,3 ARBUTHNOTROAD,CENTRAL,HONG KONG.;;31.07.2026;2026/Q2512N/Q2513S/STQNVS80370;;;31.07.2026 06:28;Q2512N/Q2513S ДЖИ КСИНГ 89;JI XING 89;Республика Гвинея-Бисау;Q2512N;РИЖАО(CNRZH);CHN;СМАРТ ООО;СМАРТ ООО;РУСАЛТРАНС ООО;ГТД;10620010/030826/5138747 10620010/030826/5138747;12.08.2026 06:58;Ж/Д;98568322;ЭЧ658369;0047697015;ПИХТОВАЯ (895506);Россия;;;Перемещение контейнера при креплении груза/стали/установке щита Заявка от 07.08.2026 Крепление груза в контейнере согласно действующей схемы крепления Заявка от 04.08.2026 Выполнено 07.08.2026 12:59;Перемещение контейнера при креплении груза/стали/установке щита Заявка от 07.08.2026;Крепление груза в контейнере согласно действующей схемы крепления Заявка от 04.08.2026 Выполнено 07.08.2026 12:59;RLS58793;06.08.2026 13:27;07.08.2026 17:03;03.08.2026 13:03;;Акционерное общество "Богучанский Алюминиевый Завод";;экспедиторская
80;TKRU3407144;22G1;DC 20;DC;29796.000;27716.000;2080.000;30480.000;;КЛЕЩ-60СЦ5РЖДН7487758;STQNVS80370;;26.07.2026;АНОДНЫЕ БЛОКИ;GOLDTEX CONSULTANTS LIMITED 2305,UNIVERSAL TRADE CENTRE,3 ARBUTHNOTROAD,CENTRAL,HONG KONG.;;31.07.2026;2026/Q2512N/Q2513S/STQNVS80370;;;31.07.2026 06:56;Q2512N/Q2513S ДЖИ КСИНГ 89;JI XING 89;Республика Гвинея-Бисау;Q2512N;РИЖАО(CNRZH);CHN;СМАРТ ООО;СМАРТ ООО;РУСАЛТРАНС ООО;ГТД;10620010/030826/5138747 10620010/030826/5138747;11.08.2026 03:30;Ж/Д;91781344;ЭЧ600553;0047690561;ПИХТОВАЯ (895506);Россия;;;Перемещение контейнера при креплении груза/стали/установке щита Заявка от 05.08.2026 Крепление груза в контейнере согласно действующей схемы крепления Заявка от 04.08.2026 Выполнено 07.08.2026 12:59;Перемещение контейнера при креплении груза/стали/установке щита Заявка от 05.08.2026;Крепление груза в контейнере согласно действующей схемы крепления Заявка от 04.08.2026 Выполнено 07.08.2026 12:59;RLS58815;06.08.2026 13:30;06.08.2026 17:03;03.08.2026 13:03;;Акционерное общество "Богучанский Алюминиевый Завод";;экспедиторская
81;TKRU3256860;22G1;DC 20;DC;29796.000;27716.000;2080.000;30480.000;;КЛЕЩ-60СЦ5РЖДН7487691;STQNVS80370;;26.07.2026;АНОДНЫЕ БЛОКИ;GOLDTEX CONSULTANTS LIMITED 2305,UNIVERSAL TRADE CENTRE,3 ARBUTHNOTROAD,CENTRAL,HONG KONG.;;31.07.2026;2026/Q2512N/Q2513S/STQNVS80370;;;31.07.2026 07:11;Q2512N/Q2513S ДЖИ КСИНГ 89;JI XING 89;Республика Гвинея-Бисау;Q2512N;РИЖАО(CNRZH);CHN;СМАРТ ООО;СМАРТ ООО;РУСАЛТРАНС ООО;ГТД;10620010/030826/5138747 10620010/030826/5138747;13.08.2026 18:42;Ж/Д;94262755;ЭЧ658752;0047697015;ПИХТОВАЯ (895506);Россия;;;Перемещение контейнера при креплении груза/стали/установке щита Заявка от 07.08.2026 Крепление груза в контейнере согласно действующей схемы крепления Заявка от 04.08.2026 Выполнено 07.08.2026 12:59;Перемещение контейнера при креплении груза/стали/установке щита Заявка от 07.08.2026;Крепление груза в контейнере согласно действующей схемы крепления Заявка от 04.08.2026 Выполнено 07.08.2026 12:59;RLS58804;06.08.2026 13:29;07.08.2026 17:03;03.08.2026 13:03;;Акционерное общество "Богучанский Алюминиевый Завод";;экспедиторская
82;TKRU3110290;22G1;DC 20;DC;29876.000;27716.000;2160.000;30480.000;;КЛЕЩ-60СЦ5РЖДН7487737;STQNVS80370;;26.07.2026;АНОДНЫЕ БЛОКИ;GOLDTEX CONSULTANTS LIMITED 2305,UNIVERSAL TRADE CENTRE,3 ARBUTHNOTROAD,CENTRAL,HONG KONG.;;31.07.2026;2026/Q2512N/Q2513S/STQNVS80370;;;31.07.2026 07:17;Q2512N/Q2513S ДЖИ КСИНГ 89;JI XING 89;Республика Гвинея-Бисау;Q2512N;РИЖАО(CNRZH);CHN;СМАРТ ООО;СМАРТ ООО;РУСАЛТРАНС ООО;ГТД;10620010/030826/5138747 10620010/030826/5138747;10.08.2026 06:05;Ж/Д;94292802;ЭЧ600055;0047690561;ПИХТОВАЯ (895506);Россия;;;Перемещение контейнера при креплении груза/стали/установке щита Заявка от 05.08.2026 Крепление груза в контейнере согласно действующей схемы крепления Заявка от 04.08.2026 Выполнено 07.08.2026 12:59;Перемещение контейнера при креплении груза/стали/установке щита Заявка от 05.08.2026;Крепление груза в контейнере согласно действующей схемы крепления Заявка от 04.08.2026 Выполнено 07.08.2026 12:59;RLS58791;06.08.2026 13:27;06.08.2026 17:03;03.08.2026 13:03;;Акционерное общество "Богучанский Алюминиевый Завод";;экспедиторская
83;TKRU3553370;22G1;DC 20;DC;29896.000;27716.000;2180.000;32500.000;;КЛЕЩ-60СЦ5РЖДН7487759;STQNVS80370;;26.07.2026;АНОДНЫЕ БЛОКИ;GOLDTEX CONSULTANTS LIMITED 2305,UNIVERSAL TRADE CENTRE,3 ARBUTHNOTROAD,CENTRAL,HONG KONG.;;31.07.2026;2026/Q2512N/Q2513S/STQNVS80370;;;31.07.2026 07:46;Q2512N/Q2513S ДЖИ КСИНГ 89;JI XING 89;Республика Гвинея-Бисау;Q2512N;РИЖАО(CNRZH);CHN;СМАРТ ООО;СМАРТ ООО;РУСАЛТРАНС ООО;ГТД;10620010/030826/5138747 10620010/030826/5138747;10.08.2026 06:05;Ж/Д;94354636;ЭЧ600744;0047690561;ПИХТОВАЯ (895506);Россия;;;Перемещение контейнера при креплении груза/стали/установке щита Заявка от 05.08.2026 Крепление груза в контейнере согласно действующей схемы крепления Заявка от 04.08.2026 Выполнено 07.08.2026 12:59;Перемещение контейнера при креплении груза/стали/установке щита Заявка от 05.08.2026;Крепление груза в контейнере согласно действующей схемы крепления Заявка от 04.08.2026 Выполнено 07.08.2026 12:59;RLS58824;06.08.2026 13:32;06.08.2026 17:03;03.08.2026 13:03;;Акционерное общество "Богучанский Алюминиевый Завод";;экспедиторская
84;TKRU3101339;22G1;DC 20;DC;29876.000;27716.000;2160.000;30480.000;;КЛЕЩ-60СЦ5РЖДН7487651;STQNVS80370;;26.07.2026;АНОДНЫЕ БЛОКИ;GOLDTEX CONSULTANTS LIMITED 2305,UNIVERSAL TRADE CENTRE,3 ARBUTHNOTROAD,CENTRAL,HONG KONG.;;31.07.2026;2026/Q2512N/Q2513S/STQNVS80370;;;31.07.2026 18:22;Q2512N/Q2513S ДЖИ КСИНГ 89;JI XING 89;Республика Гвинея-Бисау;Q2512N;РИЖАО(CNRZH);CHN;СМАРТ ООО;СМАРТ ООО;РУСАЛТРАНС ООО;ГТД;10620010/030826/5138747 10620010/030826/5138747;13.08.2026 18:42;Ж/Д;94263860;ЭЧ658327;0047697015;ПИХТОВАЯ (895506);Россия;;;Перемещение контейнера при креплении груза/стали/установке щита Заявка от 07.08.2026 Крепление груза в контейнере согласно действующей схемы крепления Заявка от 04.08.2026 Выполнено 07.08.2026 12:59;Перемещение контейнера при креплении груза/стали/установке щита Заявка от 07.08.2026;Крепление груза в контейнере согласно действующей схемы крепления Заявка от 04.08.2026 Выполнено 07.08.2026 12:59;RLS58790;06.08.2026 13:26;07.08.2026 17:03;03.08.2026 13:03;;Акционерное общество "Богучанский Алюминиевый Завод";;экспедиторская
85;TKRU3383567;22G1;DC 20;DC;29796.000;27716.000;2080.000;30480.000;;КЛЕЩ-60СЦ5РЖДН7487666;STQNVS80370;;26.07.2026;АНОДНЫЕ БЛОКИ;GOLDTEX CONSULTANTS LIMITED 2305,UNIVERSAL TRADE CENTRE,3 ARBUTHNOTROAD,CENTRAL,HONG KONG.;;31.07.2026;2026/Q2512N/Q2513S/STQNVS80370;;;31.07.2026 19:29;Q2512N/Q2513S ДЖИ КСИНГ 89;JI XING 89;Республика Гвинея-Бисау;Q2512N;РИЖАО(CNRZH);CHN;СМАРТ ООО;СМАРТ ООО;РУСАЛТРАНС ООО;ГТД;10620010/030826/5138747 10620010/030826/5138747;13.08.2026 18:42;Ж/Д;94263860;ЭЧ659101;0047697015;ПИХТОВАЯ (895506);Россия;;;Перемещение контейнера при креплении груза/стали/установке щита Заявка от 07.08.2026 Крепление груза в контейнере согласно действующей схемы крепления Заявка от 04.08.2026 Выполнено 07.08.2026 12:59;Перемещение контейнера при креплении груза/стали/установке щита Заявка от 07.08.2026;Крепление груза в контейнере согласно действующей схемы крепления Заявка от 04.08.2026 Выполнено 07.08.2026 12:59;RLS58812;06.08.2026 13:30;07.08.2026 17:03;03.08.2026 13:03;;Акционерное общество "Богучанский Алюминиевый Завод";;экспедиторская
86;TKRU3374400;22G1;DC 20;DC;29796.000;27716.000;2080.000;30480.000;;КЛЕЩ-60СЦ5РЖДН7487692;STQNVS80370;;26.07.2026;АНОДНЫЕ БЛОКИ;GOLDTEX CONSULTANTS LIMITED 2305,UNIVERSAL TRADE CENTRE,3 ARBUTHNOTROAD,CENTRAL,HONG KONG.;;31.07.2026;2026/Q2512N/Q2513S/STQNVS80370;;;31.07.2026 19:35;Q2512N/Q2513S ДЖИ КСИНГ 89;JI XING 89;Республика Гвинея-Бисау;Q2512N;РИЖАО(CNRZH);CHN;СМАРТ ООО;СМАРТ ООО;РУСАЛТРАНС ООО;ГТД;10620010/030826/5138747 10620010/030826/5138747;14.08.2026 13:31;Ж/Д;54290119;ЭЧ658994;0047697015;ПИХТОВАЯ (895506);Россия;;;Перемещение контейнера при креплении груза/стали/установке щита Заявка от 06.08.2026 Крепление груза в контейнере согласно действующей схемы крепления Заявка от 04.08.2026 Выполнено 07.08.2026 12:59;Перемещение контейнера при креплении груза/стали/установке щита Заявка от 06.08.2026;Крепление груза в контейнере согласно действующей схемы крепления Заявка от 04.08.2026 Выполнено 07.08.2026 12:59;RLS58810;06.08.2026 13:30;07.08.2026 17:03;03.08.2026 13:03;;Акционерное общество "Богучанский Алюминиевый Завод";;экспедиторская
87;TKRU3416906;22G1;DC 20;DC;2080.000;;2080.000;30480.000;;;STQNVS80370;;26.07.2026;АНОДНЫЕ БЛОКИ;GOLDTEX CONSULTANTS LIMITED 2305,UNIVERSAL TRADE CENTRE,3 ARBUTHNOTROAD,CENTRAL,HONG KONG.;;31.07.2026;2026/Q2512N/Q2513S/STQNVS80370;P2 NR RM;P2;NR;RM;;31.07.2026 19:40;Q2512N/Q2513S ДЖИ КСИНГ 89;JI XING 89;Республика Гвинея-Бисау;Q2512N;РИЖАО(CNRZH);CHN;СМАРТ ООО;СМАРТ ООО;РУСАЛТРАНС ООО;ГТД;10620010/030826/5138747 10620010/030826/5138747;08.08.2026 10:04;;;;;;;;;;RLS58816;06.08.2026 13:31;;03.08.2026 13:03;;;;
88;TKRU3525609;22G1;DC 20;DC;29896.000;27716.000;2180.000;32500.000;;КЛЕЩ-60СЦ5РЖДН7487744;STQNVS80370;;26.07.2026;АНОДНЫЕ БЛОКИ;GOLDTEX CONSULTANTS LIMITED 2305,UNIVERSAL TRADE CENTRE,3 ARBUTHNOTROAD,CENTRAL,HONG KONG.;;31.07.2026;2026/Q2512N/Q2513S/STQNVS80370;;;31.07.2026 19:41;Q2512N/Q2513S ДЖИ КСИНГ 89;JI XING 89;Республика Гвинея-Бисау;Q2512N;РИЖАО(CNRZH);CHN;СМАРТ ООО;СМАРТ ООО;РУСАЛТРАНС ООО;ГТД;10620010/030826/5138747 10620010/030826/5138747;10.08.2026 06:05;Ж/Д;90965674;ЭЧ600671;0047690561;ПИХТОВАЯ (895506);Россия;;;Перемещение контейнера при креплении груза/стали/установке щита Заявка от 05.08.2026 Крепление груза в контейнере согласно действующей схемы крепления Заявка от 04.08.2026 Выполнено 07.08.2026 12:59;Перемещение контейнера при креплении груза/стали/установке щита Заявка от 05.08.2026;Крепление груза в контейнере согласно действующей схемы крепления Заявка от 04.08.2026 Выполнено 07.08.2026 12:59;RLS58822;06.08.2026 13:32;06.08.2026 17:03;03.08.2026 13:03;;Акционерное общество "Богучанский Алюминиевый Завод";;экспедиторская
89;TKRU3476612;22G1;DC 20;DC;30016.000;27716.000;2300.000;30480.000;;КЛЕЩ-60СЦ5РЖДН7487784;STQNVS80370;;26.07.2026;АНОДНЫЕ БЛОКИ;GOLDTEX CONSULTANTS LIMITED 2305,UNIVERSAL TRADE CENTRE,3 ARBUTHNOTROAD,CENTRAL,HONG KONG.;;31.07.2026;2026/Q2512N/Q2513S/STQNVS80370;;;31.07.2026 19:43;Q2512N/Q2513S ДЖИ КСИНГ 89;JI XING 89;Республика Гвинея-Бисау;Q2512N;РИЖАО(CNRZH);CHN;СМАРТ ООО;СМАРТ ООО;РУСАЛТРАНС ООО;ГТД;10620010/030826/5138747 10620010/030826/5138747;10.08.2026 14:26;Ж/Д;98668536;ЭЧ600632;0047690561;ПИХТОВАЯ (895506);Россия;;;Перемещение контейнера при креплении груза/стали/установке щита Заявка от 05.08.2026 Крепление груза в контейнере согласно действующей схемы крепления Заявка от 04.08.2026 Выполнено 07.08.2026 12:59;Перемещение контейнера при креплении груза/стали/установке щита Заявка от 05.08.2026;Крепление груза в контейнере согласно действующей схемы крепления Заявка от 04.08.2026 Выполнено 07.08.2026 12:59;RLS58820;06.08.2026 13:31;06.08.2026 17:03;03.08.2026 13:03;;Акционерное общество "Богучанский Алюминиевый Завод";;экспедиторская
90;TKRU3159670;22G1;DC 20;DC;29796.000;27716.000;2080.000;30480.000;;КЛЕЩ-60СЦ5РЖДН7487746;STQNVS80370;;26.07.2026;АНОДНЫЕ БЛОКИ;GOLDTEX CONSULTANTS LIMITED 2305,UNIVERSAL TRADE CENTRE,3 ARBUTHNOTROAD,CENTRAL,HONG KONG.;;31.07.2026;2026/Q2512N/Q2513S/STQNVS80370;;;31.07.2026 19:48;Q2512N/Q2513S ДЖИ КСИНГ 89;JI XING 89;Республика Гвинея-Бисау;Q2512N;РИЖАО(CNRZH);CHN;СМАРТ ООО;СМАРТ ООО;РУСАЛТРАНС ООО;ГТД;10620010/030826/5138747 10620010/030826/5138747;10.08.2026 14:26;Ж/Д;98668536;ЭЧ600370;0047690561;ПИХТОВАЯ (895506);Россия;;;Перемещение контейнера при креплении груза/стали/установке щита Заявка от 05.08.2026 Крепление груза в контейнере согласно действующей схемы крепления Заявка от 04.08.2026 Выполнено 07.08.2026 12:59;Перемещение контейнера при креплении груза/стали/установке щита Заявка от 05.08.2026;Крепление груза в контейнере согласно действующей схемы крепления Заявка от 04.08.2026 Выполнено 07.08.2026 12:59;RLS58801;06.08.2026 13:27;06.08.2026 17:03;03.08.2026 13:03;;Акционерное общество "Богучанский Алюминиевый Завод";;экспедиторская
91;TKRU3180148;22G1;DC 20;DC;29796.000;27716.000;2080.000;30480.000;;КЛЕЩ-60СЦ5РЖДН7487693;STQNVS80370;;26.07.2026;АНОДНЫЕ БЛОКИ;GOLDTEX CONSULTANTS LIMITED 2305,UNIVERSAL TRADE CENTRE,3 ARBUTHNOTROAD,CENTRAL,HONG KONG.;;31.07.2026;2026/Q2512N/Q2513S/STQNVS80370;;;31.07.2026 20:26;Q2512N/Q2513S ДЖИ КСИНГ 89;JI XING 89;Республика Гвинея-Бисау;Q2512N;РИЖАО(CNRZH);CHN;СМАРТ ООО;СМАРТ ООО;РУСАЛТРАНС ООО;ГТД;10620010/030826/5138747 10620010/030826/5138747;11.08.2026 03:30;Ж/Д;91781344;ЭЧ658608;0047697015;ПИХТОВАЯ (895506);Россия;;;Перемещение контейнера при креплении груза/стали/установке щита Заявка от 06.08.2026 Крепление груза в контейнере согласно действующей схемы крепления Заявка от 04.08.2026 Выполнено 07.08.2026 12:59;Перемещение контейнера при креплении груза/стали/установке щита Заявка от 06.08.2026;Крепление груза в контейнере согласно действующей схемы крепления Заявка от 04.08.2026 Выполнено 07.08.2026 12:59;RLS58802;06.08.2026 13:28;07.08.2026 17:03;03.08.2026 13:03;;Акционерное общество "Богучанский Алюминиевый Завод";;экспедиторская
92;TKRU3552040;22G1;DC 20;DC;29896.000;27716.000;2180.000;32500.000;;КЛЕЩ-60СЦ5РЖДН7487780;STQNVS80370;;26.07.2026;АНОДНЫЕ БЛОКИ;GOLDTEX CONSULTANTS LIMITED 2305,UNIVERSAL TRADE CENTRE,3 ARBUTHNOTROAD,CENTRAL,HONG KONG.;;31.07.2026;2026/Q2512N/Q2513S/STQNVS80370;;;31.07.2026 20:27;Q2512N/Q2513S ДЖИ КСИНГ 89;JI XING 89;Республика Гвинея-Бисау;Q2512N;РИЖАО(CNRZH);CHN;СМАРТ ООО;СМАРТ ООО;РУСАЛТРАНС ООО;ГТД;10620010/030826/5138747 10620010/030826/5138747;10.08.2026 06:05;Ж/Д;94377405;ЭЧ600708;0047690561;ПИХТОВАЯ (895506);Россия;;;Перемещение контейнера при креплении груза/стали/установке щита Заявка от 05.08.2026 Крепление груза в контейнере согласно действующей схемы крепления Заявка от 04.08.2026 Выполнено 07.08.2026 12:59;Перемещение контейнера при креплении груза/стали/установке щита Заявка от 05.08.2026;Крепление груза в контейнере согласно действующей схемы крепления Заявка от 04.08.2026 Выполнено 07.08.2026 12:59;RLS58823;06.08.2026 13:32;06.08.2026 17:03;03.08.2026 13:03;;Акционерное общество "Богучанский Алюминиевый Завод";;экспедиторская
93;TKRU3282880;22G1;DC 20;DC;29796.000;27716.000;2080.000;30480.000;;КЛЕЩ-60СЦ5РЖДН7487747;STQNVS80370;;26.07.2026;АНОДНЫЕ БЛОКИ;GOLDTEX CONSULTANTS LIMITED 2305,UNIVERSAL TRADE CENTRE,3 ARBUTHNOTROAD,CENTRAL,HONG KONG.;;31.07.2026;2026/Q2512N/Q2513S/STQNVS80370;;;31.07.2026 20:37;Q2512N/Q2513S ДЖИ КСИНГ 89;JI XING 89;Республика Гвинея-Бисау;Q2512N;РИЖАО(CNRZH);CHN;СМАРТ ООО;СМАРТ ООО;РУСАЛТРАНС ООО;ГТД;10620010/030826/5138747 10620010/030826/5138747;11.08.2026 06:00;Ж/Д;98134836;ЭЧ600486;0047690561;ПИХТОВАЯ (895506);Россия;;;Перемещение контейнера при креплении груза/стали/установке щита Заявка от 05.08.2026 Крепление груза в контейнере согласно действующей схемы крепления Заявка от 04.08.2026 Выполнено 07.08.2026 12:59;Перемещение контейнера при креплении груза/стали/установке щита Заявка от 05.08.2026;Крепление груза в контейнере согласно действующей схемы крепления Заявка от 04.08.2026 Выполнено 07.08.2026 12:59;RLS58806;06.08.2026 13:29;06.08.2026 17:03;03.08.2026 13:03;;Акционерное общество "Богучанский Алюминиевый Завод";;экспедиторская
94;TKRU3256984;22G1;DC 20;DC;29796.000;27716.000;2080.000;30480.000;;КЛЕЩ-60СЦ5РЖДН7487688;STQNVS80370;;26.07.2026;АНОДНЫЕ БЛОКИ;GOLDTEX CONSULTANTS LIMITED 2305,UNIVERSAL TRADE CENTRE,3 ARBUTHNOTROAD,CENTRAL,HONG KONG.;;31.07.2026;2026/Q2512N/Q2513S/STQNVS80370;;;31.07.2026 20:43;Q2512N/Q2513S ДЖИ КСИНГ 89;JI XING 89;Республика Гвинея-Бисау;Q2512N;РИЖАО(CNRZH);CHN;СМАРТ ООО;СМАРТ ООО;РУСАЛТРАНС ООО;ГТД;10620010/030826/5138747 10620010/030826/5138747;13.08.2026 06:33;Ж/Д;94293172;ЭЧ658782;0047697015;ПИХТОВАЯ (895506);Россия;;;Перемещение контейнера при креплении груза/стали/установке щита Заявка от 07.08.2026 Крепление груза в контейнере согласно действующей схемы крепления Заявка от 04.08.2026 Выполнено 07.08.2026 12:59;Перемещение контейнера при креплении груза/стали/установке щита Заявка от 07.08.2026;Крепление груза в контейнере согласно действующей схемы крепления Заявка от 04.08.2026 Выполнено 07.08.2026 12:59;RLS58805;06.08.2026 13:29;07.08.2026 17:03;03.08.2026 13:03;;Акционерное общество "Богучанский Алюминиевый Завод";;экспедиторская
95;TKRU3375448;22G1;DC 20;DC;29796.000;27716.000;2080.000;30480.000;;КЛЕЩ-60СЦ5РЖДН7487772;STQNVS80370;;26.07.2026;АНОДНЫЕ БЛОКИ;GOLDTEX CONSULTANTS LIMITED 2305,UNIVERSAL TRADE CENTRE,3 ARBUTHNOTROAD,CENTRAL,HONG KONG.;;31.07.2026;2026/Q2512N/Q2513S/STQNVS80370;;;31.07.2026 20:55;Q2512N/Q2513S ДЖИ КСИНГ 89;JI XING 89;Республика Гвинея-Бисау;Q2512N;РИЖАО(CNRZH);CHN;СМАРТ ООО;СМАРТ ООО;РУСАЛТРАНС ООО;ГТД;10620010/030826/5138747 10620010/030826/5138747;14.08.2026 13:31;Ж/Д;54290119;ЭЧ659057;0047697015;ПИХТОВАЯ (895506);Россия;;;Перемещение контейнера при креплении груза/стали/установке щита Заявка от 06.08.2026 Крепление груза в контейнере согласно действующей схемы крепления Заявка от 04.08.2026 Выполнено 07.08.2026 12:59;Перемещение контейнера при креплении груза/стали/установке щита Заявка от 06.08.2026;Крепление груза в контейнере согласно действующей схемы крепления Заявка от 04.08.2026 Выполнено 07.08.2026 12:59;RLS58811;06.08.2026 13:29;07.08.2026 17:03;03.08.2026 13:03;;Акционерное общество "Богучанский Алюминиевый Завод";;экспедиторская
96;TKRU3134327;22G1;DC 20;DC;29876.000;27716.000;2160.000;30480.000;;КЛЕЩ-60СЦ5РЖДН7487659;STQNVS80370;;26.07.2026;АНОДНЫЕ БЛОКИ;GOLDTEX CONSULTANTS LIMITED 2305,UNIVERSAL TRADE CENTRE,3 ARBUTHNOTROAD,CENTRAL,HONG KONG.;;31.07.2026;2026/Q2512N/Q2513S/STQNVS80370;;;31.07.2026 20:59;Q2512N/Q2513S ДЖИ КСИНГ 89;JI XING 89;Республика Гвинея-Бисау;Q2512N;РИЖАО(CNRZH);CHN;СМАРТ ООО;СМАРТ ООО;РУСАЛТРАНС ООО;ГТД;10620010/030826/5138747 10620010/030826/5138747;15.08.2026 23:17;Ж/Д;98026305;ЭЧ658499;0047697015;ПИХТОВАЯ (895506);Россия;;;Перемещение контейнера при креплении груза/стали/установке щита Заявка от 07.08.2026 Крепление груза в контейнере согласно действующей схемы крепления Заявка от 04.08.2026 Выполнено 07.08.2026 12:59;Перемещение контейнера при креплении груза/стали/установке щита Заявка от 07.08.2026;Крепление груза в контейнере согласно действующей схемы крепления Заявка от 04.08.2026 Выполнено 07.08.2026 12:59;RLS58797;06.08.2026 13:27;07.08.2026 17:03;03.08.2026 13:03;;Акционерное общество "Богучанский Алюминиевый Завод";;экспедиторская
97;TKRU3158592;22G1;DC 20;DC;29796.000;27716.000;2080.000;30480.000;;КЛЕЩ-60СЦ5РЖДН7487710;STQNVS80370;;26.07.2026;АНОДНЫЕ БЛОКИ;GOLDTEX CONSULTANTS LIMITED 2305,UNIVERSAL TRADE CENTRE,3 ARBUTHNOTROAD,CENTRAL,HONG KONG.;;31.07.2026;2026/Q2512N/Q2513S/STQNVS80370;;;31.07.2026 21:05;Q2512N/Q2513S ДЖИ КСИНГ 89;JI XING 89;Республика Гвинея-Бисау;Q2512N;РИЖАО(CNRZH);CHN;СМАРТ ООО;СМАРТ ООО;РУСАЛТРАНС ООО;ГТД;10620010/030826/5138747 10620010/030826/5138747;10.08.2026 06:05;Ж/Д;94377405;ЭЧ600333;0047690561;ПИХТОВАЯ (895506);Россия;;;Перемещение контейнера при креплении груза/стали/установке щита Заявка от 05.08.2026 Крепление груза в контейнере согласно действующей схемы крепления Заявка от 04.08.2026 Выполнено 07.08.2026 12:59;Перемещение контейнера при креплении груза/стали/установке щита Заявка от 05.08.2026;Крепление груза в контейнере согласно действующей схемы крепления Заявка от 04.08.2026 Выполнено 07.08.2026 12:59;RLS58800;06.08.2026 13:28;06.08.2026 17:03;03.08.2026 13:03;;Акционерное общество "Богучанский Алюминиевый Завод";;экспедиторская
98;TKRU3291706;22G1;DC 20;DC;29796.000;27716.000;2080.000;30480.000;;КЛЕЩ-60СЦ5РЖДН7487720;STQNVS80370;;26.07.2026;АНОДНЫЕ БЛОКИ;GOLDTEX CONSULTANTS LIMITED 2305,UNIVERSAL TRADE CENTRE,3 ARBUTHNOTROAD,CENTRAL,HONG KONG.;;31.07.2026;2026/Q2512N/Q2513S/STQNVS80370;;;31.07.2026 21:07;Q2512N/Q2513S ДЖИ КСИНГ 89;JI XING 89;Республика Гвинея-Бисау;Q2512N;РИЖАО(CNRZH);CHN;СМАРТ ООО;СМАРТ ООО;РУСАЛТРАНС ООО;ГТД;10620010/030826/5138747 10620010/030826/5138747;11.08.2026 06:00;Ж/Д;98134836;ЭЧ600519;0047690561;ПИХТОВАЯ (895506);Россия;;;Перемещение контейнера при креплении груза/стали/установке щита Заявка от 05.08.2026 Крепление груза в контейнере согласно действующей схемы крепления Заявка от 04.08.2026 Выполнено 07.08.2026 12:59;Перемещение контейнера при креплении груза/стали/установке щита Заявка от 05.08.2026;Крепление груза в контейнере согласно действующей схемы крепления Заявка от 04.08.2026 Выполнено 07.08.2026 12:59;RLS58807;06.08.2026 13:29;06.08.2026 17:03;03.08.2026 13:03;;Акционерное общество "Богучанский Алюминиевый Завод";;экспедиторская
99;TKRU3440517;22G1;DC 20;DC;30016.000;27716.000;2300.000;30480.000;;КЛЕЩ-60СЦ5РЖДН7487769;STQNVS80370;;26.07.2026;АНОДНЫЕ БЛОКИ;GOLDTEX CONSULTANTS LIMITED 2305,UNIVERSAL TRADE CENTRE,3 ARBUTHNOTROAD,CENTRAL,HONG KONG.;;31.07.2026;2026/Q2512N/Q2513S/STQNVS80370;;;31.07.2026 21:08;Q2512N/Q2513S ДЖИ КСИНГ 89;JI XING 89;Республика Гвинея-Бисау;Q2512N;РИЖАО(CNRZH);CHN;СМАРТ ООО;СМАРТ ООО;РУСАЛТРАНС ООО;ГТД;10620010/030826/5138747 10620010/030826/5138747;12.08.2026 06:58;Ж/Д;98571409;ЭЧ600595;0047690561;ПИХТОВАЯ (895506);Россия;;;Перемещение контейнера при креплении груза/стали/установке щита Заявка от 05.08.2026 Крепление груза в контейнере согласно действующей схемы крепления Заявка от 04.08.2026 Выполнено 07.08.2026 12:59;Перемещение контейнера при креплении груза/стали/установке щита Заявка от 05.08.2026;Крепление груза в контейнере согласно действующей схемы крепления Заявка от 04.08.2026 Выполнено 07.08.2026 12:59;RLS58818;06.08.2026 13:31;06.08.2026 17:03;03.08.2026 13:03;;Акционерное общество "Богучанский Алюминиевый Завод";;экспедиторская
100;TKRU3136063;22G1;DC 20;DC;29876.000;27716.000;2160.000;30480.000;;КЛЕЩ-60СЦ5РЖДН7487703;STQNVS80370;;26.07.2026;АНОДНЫЕ БЛОКИ;GOLDTEX CONSULTANTS LIMITED 2305,UNIVERSAL TRADE CENTRE,3 ARBUTHNOTROAD,CENTRAL,HONG KONG.;;31.07.2026;2026/Q2512N/Q2513S/STQNVS80370;;;31.07.2026 21:16;Q2512N/Q2513S ДЖИ КСИНГ 89;JI XING 89;Республика Гвинея-Бисау;Q2512N;РИЖАО(CNRZH);CHN;СМАРТ ООО;СМАРТ ООО;РУСАЛТРАНС ООО;ГТД;10620010/030826/5138747 10620010/030826/5138747;11.08.2026 15:37;Ж/Д;94261526;ЭЧ600302;0047690561;ПИХТОВАЯ (895506);Россия;;;Перемещение контейнера при креплении груза/стали/установке щита Заявка от 05.08.2026 Крепление груза в контейнере согласно действующей схемы крепления Заявка от 04.08.2026 Выполнено 07.08.2026 12:59;Перемещение контейнера при креплении груза/стали/установке щита Заявка от 05.08.2026;Крепление груза в контейнере согласно действующей схемы крепления Заявка от 04.08.2026 Выполнено 07.08.2026 12:59;RLS58798;06.08.2026 13:28;06.08.2026 17:03;03.08.2026 13:03;;Акционерное общество "Богучанский Алюминиевый Завод";;экспедиторская
101;TKRU3129589;22G1;DC 20;DC;29876.000;27716.000;2160.000;30480.000;;КЛЕЩ-60СЦ5РЖДН7487718;STQNVS80370;;26.07.2026;АНОДНЫЕ БЛОКИ;GOLDTEX CONSULTANTS LIMITED 2305,UNIVERSAL TRADE CENTRE,3 ARBUTHNOTROAD,CENTRAL,HONG KONG.;;31.07.2026;2026/Q2512N/Q2513S/STQNVS80370;;;31.07.2026 21:29;Q2512N/Q2513S ДЖИ КСИНГ 89;JI XING 89;Республика Гвинея-Бисау;Q2512N;РИЖАО(CNRZH);CHN;СМАРТ ООО;СМАРТ ООО;РУСАЛТРАНС ООО;ГТД;10620010/030826/5138747 10620010/030826/5138747;11.08.2026 15:37;Ж/Д;94261526;ЭЧ600260;0047690561;ПИХТОВАЯ (895506);Россия;;;Перемещение контейнера при креплении груза/стали/установке щита Заявка от 05.08.2026 Крепление груза в контейнере согласно действующей схемы крепления Заявка от 04.08.2026 Выполнено 07.08.2026 12:59;Перемещение контейнера при креплении груза/стали/установке щита Заявка от 05.08.2026;Крепление груза в контейнере согласно действующей схемы крепления Заявка от 04.08.2026 Выполнено 07.08.2026 12:59;RLS58795;06.08.2026 13:27;06.08.2026 17:03;03.08.2026 13:03;;Акционерное общество "Богучанский Алюминиевый Завод";;экспедиторская
102;TKRU3030153;22G1;DC 20;DC;30016.000;27716.000;2300.000;30480.000;;КЛЕЩ-60СЦ5РЖДН7487748;STQNVS80370;;26.07.2026;АНОДНЫЕ БЛОКИ;GOLDTEX CONSULTANTS LIMITED 2305,UNIVERSAL TRADE CENTRE,3 ARBUTHNOTROAD,CENTRAL,HONG KONG.;;31.07.2026;2026/Q2512N/Q2513S/STQNVS80370;;;31.07.2026 21:40;Q2512N/Q2513S ДЖИ КСИНГ 89;JI XING 89;Республика Гвинея-Бисау;Q2512N;РИЖАО(CNRZH);CHN;СМАРТ ООО;СМАРТ ООО;РУСАЛТРАНС ООО;ГТД;10620010/030826/5138747 10620010/030826/5138747;10.08.2026 06:05;Ж/Д;94292802;ЭЧ600777;0047690561;ПИХТОВАЯ (895506);Россия;;;Перемещение контейнера при креплении груза/стали/установке щита Заявка от 05.08.2026 Крепление груза в контейнере согласно действующей схемы крепления Заявка от 04.08.2026 Выполнено 07.08.2026 12:59;Перемещение контейнера при креплении груза/стали/установке щита Заявка от 05.08.2026;Крепление груза в контейнере согласно действующей схемы крепления Заявка от 04.08.2026 Выполнено 07.08.2026 12:59;RLS58788;06.08.2026 13:26;06.08.2026 17:03;03.08.2026 13:03;;Акционерное общество "Богучанский Алюминиевый Завод";;экспедиторская
103;TKRU3029471;22G1;DC 20;DC;30016.000;27716.000;2300.000;30480.000;;КЛЕЩ-60СЦ5РЖДН7487653;STQNVS80370;;26.07.2026;АНОДНЫЕ БЛОКИ;GOLDTEX CONSULTANTS LIMITED 2305,UNIVERSAL TRADE CENTRE,3 ARBUTHNOTROAD,CENTRAL,HONG KONG.;;31.07.2026;2026/Q2512N/Q2513S/STQNVS80370;;;31.07.2026 21:57;Q2512N/Q2513S ДЖИ КСИНГ 89;JI XING 89;Республика Гвинея-Бисау;Q2512N;РИЖАО(CNRZH);CHN;СМАРТ ООО;СМАРТ ООО;РУСАЛТРАНС ООО;ГТД;10620010/030826/5138747 10620010/030826/5138747;11.08.2026 03:30;Ж/Д;54554902;ЭЧ658154;0047697015;ПИХТОВАЯ (895506);Россия;;;Перемещение контейнера при креплении груза/стали/установке щита Заявка от 07.08.2026 Крепление груза в контейнере согласно действующей схемы крепления Заявка от 04.08.2026 Выполнено 07.08.2026 12:59;Перемещение контейнера при креплении груза/стали/установке щита Заявка от 07.08.2026;Крепление груза в контейнере согласно действующей схемы крепления Заявка от 04.08.2026 Выполнено 07.08.2026 12:59;RLS58787;06.08.2026 13:26;07.08.2026 17:03;03.08.2026 13:03;;Акционерное общество "Богучанский Алюминиевый Завод";;экспедиторская
